soil_type,sowing_month,harvest_month,water_source,soil_ph,temperature,nitrogen_N,phosphorus_P,potassium_K,seed_variety
Sandy Loam,Jun,Sep,irrigated,5.7,24.0,161.0,87.6,84.5,Borloo YH-1898
Clay Loam,Jul,Oct,rainfed,6.9,24.2,121.1,71.6,82.6,NK-6240
Loamy soil,Jun,Sep,irrigated,6.6,20.9,166.3,64.0,76.1,Pioneer 30Y87
Sandy Loam,Jul,Oct,rainfed,5.9,19.4,140.6,78.4,78.7,DK-919
Loamy soil,Jun,Sep,irrigated,6.6,24.9,159.1,73.6,73.1,DK-5219
Loamy soil,Jul,Oct,rainfed,6.3,25.5,129.6,86.5,86.6,Borloo YH-1898
Sandy Loam,Jun,Sep,irrigated,5.6,24.0,169.5,64.0,69.6,Pioneer 30Y87
Loamy soil,Jul,Oct,rainfed,6.6,23.6,159.3,73.1,70.2,Pioneer 30Y87
Sandy Loam,Jun,Sep,irrigated,5.5,26.1,129.8,68.1,72.5,DK-919
Sandy Loam,Jul,Oct,rainfed,6.0,24.0,157.6,66.5,61.4,DK-919
Sandy Loam,Jun,Sep,irrigated,6.0,25.0,171.7,66.3,68.9,Pioneer 30Y87
Loamy soil,Jul,Oct,rainfed,6.5,21.3,158.3,75.0,89.5,NK-6240
Loamy soil,Jun,Sep,irrigated,6.7,18.4,130.7,62.6,78.2,NK-6240
Clay Loam,Jul,Oct,rainfed,6.9,25.3,128.4,65.4,69.0,DK-5219
Sandy Loam,Jun,Sep,irrigated,6.2,18.8,129.0,82.1,64.2,DK-919
Sandy Loam,Jul,Oct,rainfed,5.9,24.9,176.3,85.2,61.0,Pioneer 30Y87
Clay Loam,Jun,Sep,irrigated,6.8,19.3,143.8,79.6,70.3,DK-5219
Sandy Loam,Jul,Oct,rainfed,5.7,23.4,147.0,86.0,61.5,Borloo YH-1898
Sandy Loam,Jun,Sep,irrigated,5.8,21.6,167.6,67.0,67.3,DK-919
Clay Loam,Jul,Oct,rainfed,6.8,22.2,125.7,80.9,87.2,NK-6240
Loamy soil,Jun,Sep,irrigated,6.3,21.7,166.6,60.4,63.5,DK-919
Clay Loam,Jul,Oct,rainfed,6.8,22.4,177.0,63.9,77.9,Pioneer 30Y87
Clay Loam,Jun,Sep,irrigated,6.8,25.0,140.5,82.4,69.0,DK-5219
Sandy Loam,Jul,Oct,rainfed,5.9,25.3,151.0,88.1,70.3,Borloo YH-1898
Sandy Loam,Jun,Sep,irrigated,5.7,23.0,162.9,83.8,85.6,Pioneer 30Y87
Loamy soil,Jul,Oct,rainfed,6.5,24.3,140.7,74.7,64.7,DK-5219
Sandy Loam,Jun,Sep,irrigated,5.9,26.1,136.0,66.5,70.7,DK-919
Loamy soil,Jul,Oct,rainfed,6.7,26.2,154.7,75.4,86.9,NK-6240
Loamy soil,Jun,Sep,irrigated,6.3,20.1,168.7,62.0,80.9,DK-919
Clay Loam,Jul,Oct,rainfed,6.9,18.5,138.1,87.3,78.1,NK-6240
Sandy Loam,Jun,Sep,irrigated,5.8,19.1,132.1,66.9,70.9,DK-919
Sandy Loam,Jul,Oct,rainfed,6.1,23.0,138.0,68.2,83.7,NK-6240
Clay Loam,Jun,Sep,irrigated,6.8,18.8,137.2,68.5,89.6,NK-6240
Clay Loam,Jul,Oct,rainfed,6.8,18.8,174.5,66.8,84.2,NK-6240
Clay Loam,Jun,Sep,irrigated,6.9,24.1,154.3,68.4,84.1,NK-6240
Sandy Loam,Jul,Oct,rainfed,6.1,22.8,138.1,68.2,83.1,NK-6240
Loamy soil,Jun,Sep,irrigated,6.7,26.9,177.9,70.6,87.0,NK-6240
Sandy Loam,Jul,Oct,rainfed,5.7,19.9,150.8,85.9,68.4,DK-919
Clay Loam,Jun,Sep,irrigated,6.9,26.2,157.4,87.6,66.2,DK-5219
Clay Loam,Jul,Oct,rainfed,6.9,26.1,169.5,83.5,67.8,Pioneer 30Y87
Sandy Loam,Jun,Sep,irrigated,5.7,18.9,127.1,65.7,71.8,DK-919
Clay Loam,Jul,Oct,rainfed,6.8,24.0,149.4,88.9,78.5,DK-5219
Loamy soil,Jun,Sep,irrigated,6.4,19.5,138.9,78.2,71.2,DK-919
Sandy Loam,Jul,Oct,rainfed,6.1,21.7,147.3,80.2,88.5,Borloo YH-1898
Sandy Loam,Jun,Sep,irrigated,6.2,19.6,161.4,73.4,69.4,DK-919
Sandy Loam,Jul,Oct,rainfed,5.7,23.0,129.7,68.7,79.1,DK-919
Sandy Loam,Jun,Sep,irrigated,5.8,24.3,165.4,70.2,79.0,Pioneer 30Y87
Loamy soil,Jul,Oct,rainfed,6.5,18.1,142.5,69.7,85.6,NK-6240
Sandy Loam,Jun,Sep,irrigated,5.9,22.0,123.8,64.1,75.5,DK-919
Loamy soil,Jul,Oct,rainfed,6.4,25.5,122.3,77.5,67.2,DK-5219
Loamy soil,Jun,Sep,irrigated,6.3,23.5,129.2,60.3,85.3,NK-6240
Loamy soil,Jul,Oct,rainfed,6.6,19.8,161.9,74.4,85.5,Pioneer 30Y87
Sandy Loam,Jun,Sep,irrigated,5.6,24.2,162.5,78.8,85.0,Pioneer 30Y87
Loamy soil,Jul,Oct,rainfed,6.5,21.1,158.3,85.0,88.7,Borloo YH-1898
Clay Loam,Jun,Sep,irrigated,6.8,19.9,157.1,80.1,88.7,NK-6240
Loamy soil,Jul,Oct,rainfed,6.7,24.3,133.2,60.9,73.6,DK-5219
Sandy Loam,Jun,Sep,irrigated,5.9,25.9,156.4,73.8,71.7,DK-5219
Sandy Loam,Jul,Oct,rainfed,5.7,22.3,131.2,78.3,84.2,NK-6240
Clay Loam,Jun,Sep,irrigated,6.8,22.3,130.4,70.4,78.5,NK-6240
Sandy Loam,Jul,Oct,rainfed,6.1,25.3,120.5,73.9,89.0,NK-6240
Sandy Loam,Jun,Sep,irrigated,5.8,21.6,167.2,86.7,80.5,Borloo YH-1898
Loamy soil,Jul,Oct,rainfed,6.4,26.9,146.1,66.2,70.1,DK-5219
Clay Loam,Jun,Sep,irrigated,6.9,19.7,132.0,60.1,65.2,DK-919
Sandy Loam,Jul,Oct,rainfed,5.6,25.8,176.9,68.5,86.6,NK-6240
Clay Loam,Jun,Sep,irrigated,6.8,25.4,155.7,71.3,85.1,NK-6240
Clay Loam,Jul,Oct,rainfed,6.8,20.1,122.8,86.1,85.7,NK-6240
Clay Loam,Jun,Sep,irrigated,6.9,19.7,147.2,83.6,80.3,NK-6240
Clay Loam,Jul,Oct,rainfed,6.8,26.8,135.7,77.6,89.6,NK-6240
Loamy soil,Jun,Sep,irrigated,6.6,23.0,130.3,79.4,63.7,Borloo YH-1898
Sandy Loam,Jul,Oct,rainfed,5.7,22.8,148.0,84.1,78.8,Borloo YH-1898
Sandy Loam,Jun,Sep,irrigated,6.0,22.1,149.1,70.3,65.9,DK-919
Clay Loam,Jul,Oct,rainfed,7.0,23.3,162.4,73.0,86.2,NK-6240
Loamy soil,Jun,Sep,irrigated,6.4,22.1,175.9,68.0,84.3,NK-6240
Sandy Loam,Jul,Oct,rainfed,6.2,25.6,126.5,86.9,77.2,Borloo YH-1898
Sandy Loam,Jun,Sep,irrigated,6.0,24.1,138.3,68.9,89.9,NK-6240
Sandy Loam,Jul,Oct,rainfed,6.1,22.8,151.7,72.7,72.9,Borloo YH-1898
Clay Loam,Jun,Sep,irrigated,7.0,19.6,177.6,74.5,80.9,Pioneer 30Y87
Loamy soil,Jul,Oct,rainfed,6.3,18.8,125.5,65.7,79.1,DK-919
Sandy Loam,Jun,Sep,irrigated,5.8,23.6,146.9,62.2,63.2,DK-919
Sandy Loam,Jul,Oct,rainfed,5.8,22.2,150.9,68.5,80.1,NK-6240
Sandy Loam,Jun,Sep,irrigated,5.6,19.9,158.3,63.0,71.5,DK-919
Sandy Loam,Jul,Oct,rainfed,6.1,21.9,148.8,81.7,83.4,Borloo YH-1898
Clay Loam,Jun,Sep,irrigated,6.8,25.5,150.2,79.2,84.7,NK-6240
Clay Loam,Jul,Oct,rainfed,6.8,19.7,164.7,69.5,85.6,NK-6240
Sandy Loam,Jun,Sep,irrigated,6.1,24.5,153.0,70.2,61.4,DK-5219
Sandy Loam,Jul,Oct,rainfed,6.1,22.1,151.4,71.7,77.2,Borloo YH-1898
Sandy Loam,Jun,Sep,irrigated,6.1,20.7,162.2,66.8,76.6,DK-919
Loamy soil,Jul,Oct,rainfed,6.7,20.1,159.9,65.3,83.7,NK-6240
Sandy Loam,Jun,Sep,irrigated,5.8,23.0,125.2,68.5,71.0,DK-919
Loamy soil,Jul,Oct,rainfed,6.4,23.2,165.5,79.4,65.3,Pioneer 30Y87
Sandy Loam,Jun,Sep,irrigated,5.7,25.5,175.1,73.9,84.7,Pioneer 30Y87
Sandy Loam,Jul,Oct,rainfed,6.1,18.7,173.4,73.8,62.0,DK-919
Sandy Loam,Jun,Sep,irrigated,5.9,22.0,152.1,87.6,61.4,Borloo YH-1898
Loamy soil,Jul,Oct,rainfed,6.5,26.1,142.4,77.4,63.0,DK-5219
Clay Loam,Jun,Sep,irrigated,6.9,25.6,159.7,63.6,72.7,DK-5219
Sandy Loam,Jul,Oct,rainfed,5.9,20.4,120.6,85.6,78.5,DK-919
Clay Loam,Jun,Sep,irrigated,6.8,19.3,154.5,88.2,79.4,Borloo YH-1898
Sandy Loam,Jul,Oct,rainfed,6.0,24.0,173.1,78.0,61.4,Pioneer 30Y87
Clay Loam,Jun,Sep,irrigated,6.9,25.8,158.4,79.6,79.7,DK-5219
Sandy Loam,Jul,Oct,rainfed,6.2,25.0,160.7,72.4,71.8,DK-5219
Sandy Loam,Jun,Sep,irrigated,6.2,19.7,151.2,82.6,78.4,Borloo YH-1898
Sandy Loam,Jul,Oct,rainfed,6.0,24.4,162.1,86.7,84.5,Borloo YH-1898
Loamy soil,Jun,Sep,irrigated,6.6,23.3,139.8,71.7,89.8,NK-6240
Sandy Loam,Jul,Oct,rainfed,5.5,22.7,145.4,60.6,77.0,Borloo YH-1898
Loamy soil,Jun,Sep,irrigated,6.5,24.9,151.7,65.9,89.5,NK-6240
Sandy Loam,Jul,Oct,rainfed,5.6,26.0,141.3,68.2,64.2,DK-919
Loamy soil,Jun,Sep,irrigated,6.7,23.0,177.3,89.9,85.1,Pioneer 30Y87
Loamy soil,Jul,Oct,rainfed,6.7,23.1,179.8,89.4,66.9,Pioneer 30Y87
Clay Loam,Jun,Sep,irrigated,6.8,22.5,155.6,71.4,63.7,NK-6240
Sandy Loam,Jul,Oct,rainfed,5.6,20.8,160.3,71.3,86.0,DK-919
Sandy Loam,Jun,Sep,irrigated,6.0,24.3,172.1,75.8,84.7,Pioneer 30Y87
Loamy soil,Jul,Oct,rainfed,6.3,26.3,152.9,70.2,80.2,DK-5219
Sandy Loam,Jun,Sep,irrigated,6.2,26.1,149.3,82.1,64.0,Borloo YH-1898
Sandy Loam,Jul,Oct,rainfed,6.0,25.2,135.0,66.0,83.2,NK-6240
Clay Loam,Jun,Sep,irrigated,7.0,25.0,133.1,75.6,73.7,DK-5219
Sandy Loam,Jul,Oct,rainfed,5.6,20.4,154.4,88.3,88.0,DK-919
Clay Loam,Jun,Sep,irrigated,6.9,25.3,125.8,83.9,81.3,NK-6240
Sandy Loam,Jul,Oct,rainfed,5.9,25.9,151.5,73.7,69.2,DK-5219
Sandy Loam,Jun,Sep,irrigated,6.0,24.6,164.5,86.0,61.3,Borloo YH-1898
Sandy Loam,Jul,Oct,rainfed,5.5,23.1,167.9,77.3,87.8,Pioneer 30Y87
Sandy Loam,Jun,Sep,irrigated,6.2,19.3,158.6,61.4,71.3,DK-919
Sandy Loam,Jul,Oct,rainfed,5.9,21.7,163.0,78.6,71.3,Pioneer 30Y87
Sandy Loam,Jun,Sep,irrigated,6.1,18.4,153.3,81.6,70.5,Borloo YH-1898
Sandy Loam,Jul,Oct,rainfed,6.1,20.2,123.5,80.9,65.0,DK-919
Clay Loam,Jun,Sep,irrigated,6.8,24.1,130.6,69.9,87.6,NK-6240
Loamy soil,Jul,Oct,rainfed,6.5,21.3,166.5,64.9,73.7,Pioneer 30Y87
Clay Loam,Jun,Sep,irrigated,6.8,18.1,120.5,87.9,68.3,Borloo YH-1898
Loamy soil,Jul,Oct,rainfed,6.4,24.0,137.5,73.6,86.5,NK-6240
Sandy Loam,Jun,Sep,irrigated,6.1,19.3,143.4,70.3,84.7,DK-919
Clay Loam,Jul,Oct,rainfed,7.0,19.8,121.8,81.9,65.5,DK-919
Sandy Loam,Jun,Sep,irrigated,6.0,24.0,134.8,76.5,69.1,DK-919
Loamy soil,Jul,Oct,rainfed,6.4,19.3,176.8,73.8,69.3,DK-919
Loamy soil,Jun,Sep,irrigated,6.4,23.2,125.9,70.5,62.7,DK-919
Loamy soil,Jul,Oct,rainfed,6.5,26.9,135.8,65.5,71.5,NK-6240
Sandy Loam,Jun,Sep,irrigated,6.2,26.5,135.2,82.9,62.3,Borloo YH-1898
Sandy Loam,Jul,Oct,rainfed,6.2,22.9,162.9,74.5,89.9,Pioneer 30Y87
Clay Loam,Jun,Sep,irrigated,7.0,21.6,124.1,64.6,81.5,NK-6240
Loamy soil,Jul,Oct,rainfed,6.4,26.8,122.5,65.8,62.8,DK-919
Loamy soil,Jun,Sep,irrigated,6.7,22.9,163.5,66.9,69.1,Pioneer 30Y87
Clay Loam,Jul,Oct,rainfed,6.8,24.2,127.7,79.8,63.0,DK-5219
Sandy Loam,Jun,Sep,irrigated,5.8,22.1,154.3,83.0,72.6,Borloo YH-1898
Loamy soil,Jul,Oct,rainfed,6.6,25.9,151.2,84.8,79.2,Borloo YH-1898
Loamy soil,Jun,Sep,irrigated,6.3,24.9,142.4,61.4,70.1,DK-5219
Loamy soil,Jul,Oct,rainfed,6.3,25.5,147.1,81.5,73.2,Borloo YH-1898
Sandy Loam,Jun,Sep,irrigated,6.1,21.3,146.8,73.8,68.9,DK-919
Sandy Loam,Jul,Oct,rainfed,6.0,23.1,160.0,80.6,85.3,Borloo YH-1898
Clay Loam,Jun,Sep,irrigated,7.0,24.3,158.6,81.4,60.4,DK-5219
Loamy soil,Jul,Oct,rainfed,6.3,23.6,152.7,71.3,72.2,Borloo YH-1898
Sandy Loam,Jun,Sep,irrigated,5.9,21.5,121.3,70.9,83.5,DK-919
Sandy Loam,Jul,Oct,rainfed,6.0,18.0,164.2,76.0,73.4,DK-919
Sandy Loam,Jun,Sep,irrigated,6.2,21.4,171.5,75.3,79.8,Pioneer 30Y87
Clay Loam,Jul,Oct,rainfed,7.0,23.4,139.6,67.4,68.6,NK-6240
Clay Loam,Jun,Sep,irrigated,6.9,19.3,146.3,84.2,73.9,Borloo YH-1898
Loamy soil,Jul,Oct,rainfed,6.7,20.8,134.3,61.4,87.7,NK-6240
Clay Loam,Jun,Sep,irrigated,6.9,23.8,160.1,73.6,78.1,DK-5219
Loamy soil,Jul,Oct,rainfed,6.4,21.4,132.0,82.4,81.7,Borloo YH-1898
Loamy soil,Jun,Sep,irrigated,6.3,20.1,152.0,75.5,79.1,Borloo YH-1898
Loamy soil,Jul,Oct,rainfed,6.4,21.0,174.0,88.4,73.9,Borloo YH-1898
Clay Loam,Jun,Sep,irrigated,6.9,21.3,141.7,62.8,80.3,NK-6240
Loamy soil,Jul,Oct,rainfed,6.3,26.4,125.4,68.2,60.0,DK-919
Sandy Loam,Jun,Sep,irrigated,6.0,24.8,127.2,81.5,89.1,NK-6240
Loamy soil,Jul,Oct,rainfed,6.6,26.3,172.0,70.8,82.3,Pioneer 30Y87
Loamy soil,Jun,Sep,irrigated,6.7,22.3,136.0,75.3,73.9,Pioneer 30Y87
Sandy Loam,Jul,Oct,rainfed,5.7,23.9,152.6,81.0,76.5,Borloo YH-1898
Sandy Loam,Jun,Sep,irrigated,6.2,23.8,158.5,67.4,87.6,NK-6240
Sandy Loam,Jul,Oct,rainfed,6.1,26.9,167.9,88.7,68.8,Pioneer 30Y87
Sandy Loam,Jun,Sep,irrigated,5.7,25.4,135.2,86.1,79.8,Borloo YH-1898
Sandy Loam,Jul,Oct,rainfed,5.9,23.0,120.1,79.3,74.9,Borloo YH-1898
Loamy soil,Jun,Sep,irrigated,6.3,20.7,122.2,71.9,78.2,DK-919
Sandy Loam,Jul,Oct,rainfed,5.8,22.3,157.2,61.5,65.8,DK-919
Loamy soil,Jun,Sep,irrigated,6.7,21.8,160.1,83.6,77.4,Borloo YH-1898
Sandy Loam,Jul,Oct,rainfed,6.2,23.4,120.3,68.9,63.1,DK-919
Loamy soil,Jun,Sep,irrigated,6.4,21.6,148.7,67.1,69.2,Borloo YH-1898
Sandy Loam,Jul,Oct,rainfed,6.1,26.1,155.3,63.6,80.4,NK-6240
Sandy Loam,Jun,Sep,irrigated,6.0,22.5,144.4,64.6,85.6,NK-6240
Clay Loam,Jul,Oct,rainfed,6.8,23.6,153.3,88.8,69.2,Borloo YH-1898
Loamy soil,Jun,Sep,irrigated,6.4,22.8,167.6,65.4,74.1,Pioneer 30Y87
Loamy soil,Jul,Oct,rainfed,6.4,19.6,137.3,84.2,89.0,Borloo YH-1898
Sandy Loam,Jun,Sep,irrigated,5.6,25.0,164.7,75.2,64.6,DK-5219
Sandy Loam,Jul,Oct,rainfed,6.1,23.3,155.4,83.8,89.7,Borloo YH-1898
Clay Loam,Jun,Sep,irrigated,7.0,26.9,173.0,79.0,82.7,Pioneer 30Y87
Sandy Loam,Jul,Oct,rainfed,5.7,20.0,170.9,81.8,84.0,Pioneer 30Y87
Sandy Loam,Jun,Sep,irrigated,6.2,18.7,175.5,71.6,76.4,DK-919
Sandy Loam,Jul,Oct,rainfed,6.1,21.2,153.5,79.2,65.7,DK-919
Sandy Loam,Jun,Sep,irrigated,5.6,18.9,160.8,68.5,73.7,DK-919
Loamy soil,Jul,Oct,rainfed,6.6,24.2,164.2,88.8,76.7,Borloo YH-1898
Loamy soil,Jun,Sep,irrigated,6.5,24.2,133.8,82.4,79.2,Borloo YH-1898
Sandy Loam,Jul,Oct,rainfed,6.2,21.5,153.3,88.2,68.6,Borloo YH-1898
Loamy soil,Jun,Sep,irrigated,6.3,24.3,169.4,61.4,72.8,Pioneer 30Y87
Sandy Loam,Jul,Oct,rainfed,5.6,25.3,146.3,74.6,90.0,DK-5219
Sandy Loam,Jun,Sep,irrigated,5.6,19.9,134.6,65.4,86.6,DK-919
Sandy Loam,Jul,Oct,rainfed,5.7,22.8,147.7,80.8,66.2,Borloo YH-1898
Loamy soil,Jun,Sep,irrigated,6.4,22.2,138.5,61.6,72.9,DK-919
Sandy Loam,Jul,Oct,rainfed,5.9,21.6,122.5,70.1,76.6,DK-919
Clay Loam,Jun,Sep,irrigated,7.0,24.2,157.4,74.7,75.0,DK-5219
Sandy Loam,Jul,Oct,rainfed,6.1,24.9,141.8,86.0,87.0,Borloo YH-1898
Loamy soil,Jun,Sep,irrigated,6.4,22.8,132.9,74.9,67.9,DK-919
Sandy Loam,Jul,Oct,rainfed,5.8,18.6,175.1,74.4,89.7,DK-919
Sandy Loam,Jun,Sep,irrigated,6.0,19.1,125.0,67.2,73.7,DK-919
Loamy soil,Jul,Oct,rainfed,6.4,26.4,126.4,64.1,83.8,NK-6240
Loamy soil,Jun,Sep,irrigated,6.6,23.7,156.0,82.4,82.8,Borloo YH-1898
Sandy Loam,Jul,Oct,rainfed,5.6,18.8,158.8,77.2,65.6,DK-919
Sandy Loam,Jun,Sep,irrigated,5.9,23.1,129.8,66.5,82.1,NK-6240
Sandy Loam,Jul,Oct,rainfed,6.1,19.7,178.2,62.6,76.9,DK-919
Sandy Loam,Jun,Sep,irrigated,5.8,20.8,163.4,65.1,65.9,DK-919
Loamy soil,Jul,Oct,rainfed,6.3,26.3,163.2,86.1,76.7,Borloo YH-1898
Sandy Loam,Jun,Sep,irrigated,5.6,24.2,140.0,79.9,76.3,DK-5219
Loamy soil,Jul,Oct,rainfed,6.4,24.0,152.4,82.2,82.1,Borloo YH-1898
Clay Loam,Jun,Sep,irrigated,7.0,19.3,122.9,81.6,90.0,NK-6240
Loamy soil,Jul,Oct,rainfed,6.5,26.0,165.7,60.8,71.9,Pioneer 30Y87
Sandy Loam,Jun,Sep,irrigated,5.9,19.3,164.1,75.3,69.6,DK-919
Sandy Loam,Jul,Oct,rainfed,5.9,23.4,130.6,88.0,65.6,DK-919
Loamy soil,Jun,Sep,irrigated,6.7,23.4,170.7,83.2,76.8,Pioneer 30Y87
Loamy soil,Jul,Oct,rainfed,6.7,21.0,165.2,78.8,76.7,Pioneer 30Y87
Loamy soil,Jun,Sep,irrigated,6.6,26.1,128.3,66.5,87.4,NK-6240
Loamy soil,Jul,Oct,rainfed,6.7,23.5,156.3,78.3,72.7,DK-5219
Loamy soil,Jun,Sep,irrigated,6.6,22.9,121.3,81.4,84.5,NK-6240
Loamy soil,Jul,Oct,rainfed,6.7,26.4,144.3,87.1,64.4,Borloo YH-1898
Sandy Loam,Jun,Sep,irrigated,5.5,27.0,129.8,68.7,66.8,DK-919
Loamy soil,Jul,Oct,rainfed,6.3,21.6,159.1,67.9,63.3,DK-919
Clay Loam,Jun,Sep,irrigated,6.8,19.4,153.4,70.4,84.6,NK-6240
Sandy Loam,Jul,Oct,rainfed,6.2,20.2,154.1,89.6,74.0,Borloo YH-1898
Sandy Loam,Jun,Sep,irrigated,5.7,19.5,160.0,70.1,70.8,DK-919
Sandy Loam,Jul,Oct,rainfed,6.1,25.5,174.3,60.4,83.8,Pioneer 30Y87
Sandy Loam,Jun,Sep,irrigated,6.0,24.6,120.7,87.3,65.3,Borloo YH-1898
Sandy Loam,Jul,Oct,rainfed,6.1,24.0,129.3,78.0,62.5,DK-919
Sandy Loam,Jun,Sep,irrigated,6.1,18.6,177.1,79.4,77.9,Pioneer 30Y87
Clay Loam,Jul,Oct,rainfed,6.8,24.3,150.2,73.4,76.8,DK-5219
Loamy soil,Jun,Sep,irrigated,6.6,22.2,135.0,85.9,75.2,Borloo YH-1898
Sandy Loam,Jul,Oct,rainfed,5.6,20.1,129.5,72.3,81.8,DK-919
Loamy soil,Jun,Sep,irrigated,6.5,25.4,131.4,62.1,66.2,DK-5219
Loamy soil,Jul,Oct,rainfed,6.3,18.5,123.9,64.0,80.1,DK-919
Sandy Loam,Jun,Sep,irrigated,5.7,25.1,152.6,86.2,80.4,Borloo YH-1898
Loamy soil,Jul,Oct,rainfed,6.6,21.4,164.7,80.6,77.9,Pioneer 30Y87
Sandy Loam,Jun,Sep,irrigated,5.7,25.4,133.6,60.9,85.3,NK-6240
Sandy Loam,Jul,Oct,rainfed,5.9,23.4,128.0,75.9,63.2,DK-919
Sandy Loam,Jun,Sep,irrigated,5.8,20.8,154.0,73.2,66.0,DK-919
Sandy Loam,Jul,Oct,rainfed,6.2,22.8,127.5,78.5,60.0,DK-919
Clay Loam,Jun,Sep,irrigated,6.8,24.2,157.6,77.1,83.2,NK-6240
Sandy Loam,Jul,Oct,rainfed,6.2,26.4,157.1,66.0,82.1,NK-6240
Sandy Loam,Jun,Sep,irrigated,5.7,25.6,168.4,81.7,85.7,Pioneer 30Y87
Sandy Loam,Jul,Oct,rainfed,5.9,22.4,178.0,60.5,89.8,DK-919
Sandy Loam,Jun,Sep,irrigated,5.5,25.0,162.8,86.8,68.3,Borloo YH-1898
Loamy soil,Jul,Oct,rainfed,6.3,18.3,146.6,68.6,65.2,DK-919
Sandy Loam,Jun,Sep,irrigated,5.6,20.8,158.6,76.6,63.7,DK-919
Sandy Loam,Jul,Oct,rainfed,5.9,20.4,131.7,76.2,74.6,DK-919
Loamy soil,Jun,Sep,irrigated,6.5,18.2,169.0,75.4,76.1,Pioneer 30Y87
Sandy Loam,Jul,Oct,rainfed,5.6,21.1,167.8,81.3,63.4,DK-919
Loamy soil,Jun,Sep,irrigated,6.5,24.7,157.5,78.6,63.2,Borloo YH-1898
Clay Loam,Jul,Oct,rainfed,6.9,19.3,140.9,71.4,79.8,NK-6240
Clay Loam,Jun,Sep,irrigated,7.0,26.1,142.4,80.2,76.7,DK-5219
Sandy Loam,Jul,Oct,rainfed,5.7,21.6,159.6,88.4,63.6,DK-919
Sandy Loam,Jun,Sep,irrigated,6.0,22.2,140.3,69.7,69.2,DK-919
Sandy Loam,Jul,Oct,rainfed,5.6,20.2,163.7,79.1,83.1,DK-919
Sandy Loam,Jun,Sep,irrigated,5.5,22.8,124.0,87.2,74.5,Borloo YH-1898
Sandy Loam,Jul,Oct,rainfed,6.2,26.4,159.9,72.6,75.4,DK-5219
Clay Loam,Jun,Sep,irrigated,7.0,22.2,121.3,72.8,64.1,DK-919
Sandy Loam,Jul,Oct,rainfed,6.0,21.1,151.9,81.9,80.6,Borloo YH-1898
Sandy Loam,Jun,Sep,irrigated,6.1,22.9,134.5,87.9,69.5,Borloo YH-1898
Clay Loam,Jul,Oct,rainfed,6.8,26.8,158.5,64.7,75.5,DK-5219
Sandy Loam,Jun,Sep,irrigated,6.1,23.7,173.5,78.8,72.7,Pioneer 30Y87
Loamy soil,Jul,Oct,rainfed,6.3,24.9,129.4,68.3,66.1,DK-919
Clay Loam,Jun,Sep,irrigated,6.9,23.4,175.1,75.2,68.5,Pioneer 30Y87
Loamy soil,Jul,Oct,rainfed,6.4,21.9,178.2,80.6,65.5,Borloo YH-1898
Clay Loam,Jun,Sep,irrigated,6.8,26.4,129.6,84.6,69.9,DK-5219
Sandy Loam,Jul,Oct,rainfed,5.9,24.8,134.8,76.2,82.0,NK-6240
Clay Loam,Jun,Sep,irrigated,7.0,18.2,122.0,81.0,86.2,NK-6240
Loamy soil,Jul,Oct,rainfed,6.6,20.1,155.4,68.8,87.0,NK-6240
Loamy soil,Jun,Sep,irrigated,6.4,24.7,168.9,72.9,66.5,Pioneer 30Y87
Loamy soil,Jul,Oct,rainfed,6.6,19.3,175.5,63.7,62.0,DK-919
Loamy soil,Jun,Sep,irrigated,6.3,24.9,122.6,65.1,73.0,Borloo YH-1898
Sandy Loam,Jul,Oct,rainfed,5.9,18.7,125.9,69.3,70.4,DK-919
Sandy Loam,Jun,Sep,irrigated,5.9,18.8,178.3,64.9,83.1,DK-919
Loamy soil,Jul,Oct,rainfed,6.4,24.6,140.5,62.3,76.7,Borloo YH-1898
Sandy Loam,Jun,Sep,irrigated,5.6,21.4,163.5,61.4,70.7,DK-919
Sandy Loam,Jul,Oct,rainfed,6.0,23.1,147.5,74.0,60.1,DK-919
Loamy soil,Jun,Sep,irrigated,6.4,21.9,173.4,81.1,64.3,Pioneer 30Y87
Clay Loam,Jul,Oct,rainfed,6.9,18.3,148.4,66.1,89.7,NK-6240
Sandy Loam,Jun,Sep,irrigated,5.8,21.9,125.1,86.5,89.9,DK-919
Loamy soil,Jul,Oct,rainfed,6.5,26.9,163.4,79.1,68.6,Pioneer 30Y87
Loamy soil,Jun,Sep,irrigated,6.7,19.7,139.4,79.6,71.7,DK-5219
Loamy soil,Jul,Oct,rainfed,6.4,22.5,179.5,76.6,67.9,Pioneer 30Y87
Sandy Loam,Jun,Sep,irrigated,6.1,23.6,129.2,74.6,72.0,DK-919
Sandy Loam,Jul,Oct,rainfed,5.8,18.4,126.4,81.5,74.4,DK-919
Sandy Loam,Jun,Sep,irrigated,5.9,21.4,141.2,84.3,82.5,DK-919
Loamy soil,Jul,Oct,rainfed,6.3,19.2,175.6,89.7,66.5,DK-919
Clay Loam,Jun,Sep,irrigated,6.8,19.8,171.8,85.5,62.6,Pioneer 30Y87
Clay Loam,Jul,Oct,rainfed,6.9,25.8,164.3,70.5,83.5,NK-6240
Sandy Loam,Jun,Sep,irrigated,5.8,25.5,136.7,77.6,70.7,DK-5219
Sandy Loam,Jul,Oct,rainfed,6.2,23.7,151.0,67.9,72.2,Borloo YH-1898
Loamy soil,Jun,Sep,irrigated,6.3,20.6,160.2,74.8,66.2,DK-919
Sandy Loam,Jul,Oct,rainfed,5.9,25.9,142.7,71.5,78.7,DK-5219
Loamy soil,Jun,Sep,irrigated,6.7,20.6,126.0,87.5,73.9,Borloo YH-1898
Loamy soil,Jul,Oct,rainfed,6.7,18.1,166.0,61.8,63.6,Pioneer 30Y87
Clay Loam,Jun,Sep,irrigated,7.0,22.2,177.8,72.4,66.7,Pioneer 30Y87
Sandy Loam,Jul,Oct,rainfed,5.8,21.9,147.9,64.1,86.1,NK-6240
Sandy Loam,Jun,Sep,irrigated,5.7,22.7,161.3,84.4,80.5,Borloo YH-1898
Loamy soil,Jul,Oct,rainfed,6.7,23.4,150.1,70.5,88.8,NK-6240
Sandy Loam,Jun,Sep,irrigated,6.1,23.3,126.9,84.1,71.1,Borloo YH-1898
Loamy soil,Jul,Oct,rainfed,6.7,22.1,128.6,69.2,89.7,NK-6240
Sandy Loam,Jun,Sep,irrigated,5.9,23.1,144.9,61.3,88.4,NK-6240
Loamy soil,Jul,Oct,rainfed,6.6,20.2,167.4,89.1,86.3,Pioneer 30Y87
Clay Loam,Jun,Sep,irrigated,6.8,21.3,156.3,75.7,79.5,NK-6240
Sandy Loam,Jul,Oct,rainfed,6.2,25.3,135.5,61.5,73.6,DK-919
Clay Loam,Jun,Sep,irrigated,7.0,24.6,122.9,88.1,67.1,DK-5219
Sandy Loam,Jul,Oct,rainfed,5.9,23.8,176.0,78.0,80.9,Pioneer 30Y87
Sandy Loam,Jun,Sep,irrigated,5.5,23.3,171.2,67.0,65.2,Pioneer 30Y87
Sandy Loam,Jul,Oct,rainfed,5.9,19.3,140.2,64.6,62.7,DK-919
Sandy Loam,Jun,Sep,irrigated,6.2,18.5,152.4,80.9,67.8,Borloo YH-1898
Loamy soil,Jul,Oct,rainfed,6.4,25.0,158.7,67.3,61.9,DK-5219
Sandy Loam,Jun,Sep,irrigated,5.9,18.3,142.3,87.8,71.3,DK-919
Loamy soil,Jul,Oct,rainfed,6.3,22.5,159.5,71.8,82.0,Borloo YH-1898
Sandy Loam,Jun,Sep,irrigated,6.0,25.8,130.9,70.5,89.9,DK-919
Loamy soil,Jul,Oct,rainfed,6.6,22.1,136.1,66.7,89.0,NK-6240
Sandy Loam,Jun,Sep,irrigated,5.9,22.4,158.4,71.2,61.8,DK-919
Loamy soil,Jul,Oct,rainfed,6.3,21.1,178.1,69.6,70.4,DK-919
Sandy Loam,Jun,Sep,irrigated,5.7,18.2,132.6,62.0,64.9,DK-919
Loamy soil,Jul,Oct,rainfed,6.7,23.5,149.8,62.6,83.8,NK-6240
Loamy soil,Jun,Sep,irrigated,6.5,21.4,131.3,87.8,63.4,Borloo YH-1898
Sandy Loam,Jul,Oct,rainfed,5.7,20.9,141.1,66.9,69.3,DK-919
Sandy Loam,Jun,Sep,irrigated,6.2,21.0,132.3,81.2,71.7,DK-919
Sandy Loam,Jul,Oct,rainfed,6.1,19.9,155.3,87.3,67.5,Borloo YH-1898
Loamy soil,Jun,Sep,irrigated,6.4,26.4,147.3,62.7,76.8,Borloo YH-1898
Loamy soil,Jul,Oct,rainfed,6.5,24.7,148.7,85.2,87.7,Borloo YH-1898
Sandy Loam,Jun,Sep,irrigated,6.2,24.5,169.3,72.8,74.0,Pioneer 30Y87
Loamy soil,Jul,Oct,rainfed,6.3,24.8,135.6,81.0,79.5,Borloo YH-1898
Sandy Loam,Jun,Sep,irrigated,5.8,20.5,134.9,78.0,83.6,DK-919
Sandy Loam,Jul,Oct,rainfed,6.0,26.9,168.1,78.3,71.6,Pioneer 30Y87
Clay Loam,Jun,Sep,irrigated,7.0,23.7,175.2,68.1,80.3,NK-6240
Loamy soil,Jul,Oct,rainfed,6.3,22.0,164.6,79.1,67.7,Borloo YH-1898
Clay Loam,Jun,Sep,irrigated,7.0,25.2,128.0,68.0,74.6,DK-5219
Clay Loam,Jul,Oct,rainfed,7.0,20.0,126.3,62.7,60.2,DK-919
Loamy soil,Jun,Sep,irrigated,6.7,26.4,146.2,66.8,87.5,NK-6240
Loamy soil,Jul,Oct,rainfed,6.6,25.0,174.1,64.5,89.1,Pioneer 30Y87
Clay Loam,Jun,Sep,irrigated,6.9,18.4,126.5,72.8,85.4,NK-6240
Sandy Loam,Jul,Oct,rainfed,6.2,23.1,171.2,65.8,69.9,Pioneer 30Y87
Sandy Loam,Jun,Sep,irrigated,6.0,26.8,171.1,86.0,66.3,Pioneer 30Y87
Sandy Loam,Jul,Oct,rainfed,5.7,18.9,121.8,66.2,70.5,DK-919
Sandy Loam,Jun,Sep,irrigated,6.1,25.5,122.6,60.3,71.0,DK-919
Sandy Loam,Jul,Oct,rainfed,5.8,19.1,170.7,88.9,62.2,DK-919
Loamy soil,Jun,Sep,irrigated,6.5,22.5,159.3,61.2,69.2,Borloo YH-1898
Loamy soil,Jul,Oct,rainfed,6.7,18.9,154.5,83.2,70.7,Borloo YH-1898
Sandy Loam,Jun,Sep,irrigated,5.6,25.4,166.2,76.8,73.0,Pioneer 30Y87
Sandy Loam,Jul,Oct,rainfed,5.7,22.2,135.8,67.6,77.9,DK-919
Sandy Loam,Jun,Sep,irrigated,5.8,21.4,148.9,65.7,64.2,DK-919
Sandy Loam,Jul,Oct,rainfed,6.2,26.0,138.7,84.8,86.3,Borloo YH-1898
Loamy soil,Jun,Sep,irrigated,6.6,26.7,145.1,81.5,86.1,NK-6240
Sandy Loam,Jul,Oct,rainfed,5.6,24.9,131.2,67.6,78.9,NK-6240
Loamy soil,Jun,Sep,irrigated,6.3,25.8,126.9,80.4,88.6,NK-6240
Loamy soil,Jul,Oct,rainfed,6.3,21.7,143.8,65.7,77.7,Borloo YH-1898
Clay Loam,Jun,Sep,irrigated,6.9,22.8,157.7,71.9,79.7,NK-6240
Sandy Loam,Jul,Oct,rainfed,6.2,24.2,169.6,67.6,86.3,NK-6240
Loamy soil,Jun,Sep,irrigated,6.3,18.3,178.0,75.6,74.9,Pioneer 30Y87
Clay Loam,Jul,Oct,rainfed,6.8,25.9,138.4,72.0,70.5,DK-5219
Sandy Loam,Jun,Sep,irrigated,6.2,23.7,149.7,76.8,61.1,Borloo YH-1898
Sandy Loam,Jul,Oct,rainfed,5.8,23.4,136.4,79.2,78.4,NK-6240
Sandy Loam,Jun,Sep,irrigated,6.1,26.6,120.9,62.0,73.9,DK-919
Clay Loam,Jul,Oct,rainfed,6.8,22.7,174.6,67.5,67.3,Pioneer 30Y87
Clay Loam,Jun,Sep,irrigated,6.9,25.9,124.8,76.6,83.4,NK-6240
Sandy Loam,Jul,Oct,rainfed,5.9,18.4,161.7,84.3,67.1,Borloo YH-1898
Clay Loam,Jun,Sep,irrigated,6.8,23.4,172.2,87.3,60.6,Pioneer 30Y87
Clay Loam,Jul,Oct,rainfed,7.0,24.4,122.9,67.1,89.0,NK-6240
Loamy soil,Jun,Sep,irrigated,6.7,22.8,133.1,63.7,85.0,NK-6240
Sandy Loam,Jul,Oct,rainfed,6.1,26.4,153.4,69.7,76.9,DK-5219
Sandy Loam,Jun,Sep,irrigated,5.8,20.1,135.7,81.8,89.3,DK-919
Clay Loam,Jul,Oct,rainfed,6.8,19.3,178.9,67.3,66.9,DK-919
Clay Loam,Jun,Sep,irrigated,7.0,27.0,170.8,66.8,79.9,Pioneer 30Y87
Loamy soil,Jul,Oct,rainfed,6.3,25.4,140.1,82.2,88.6,Borloo YH-1898
Loamy soil,Jun,Sep,irrigated,6.5,20.5,166.6,75.6,82.6,Pioneer 30Y87
Clay Loam,Jul,Oct,rainfed,6.9,26.1,153.6,87.1,75.6,DK-5219
Clay Loam,Jun,Sep,irrigated,7.0,25.2,158.6,86.4,83.0,Borloo YH-1898
Sandy Loam,Jul,Oct,rainfed,5.8,18.8,151.4,83.7,79.5,Borloo YH-1898
Sandy Loam,Jun,Sep,irrigated,5.9,21.5,161.6,73.7,88.0,DK-919
Loamy soil,Jul,Oct,rainfed,6.3,22.4,144.8,85.0,77.5,Borloo YH-1898
Loamy soil,Jun,Sep,irrigated,6.6,23.6,124.9,70.6,61.4,NK-6240
Loamy soil,Jul,Oct,rainfed,6.3,24.8,152.6,71.0,87.6,NK-6240
Sandy Loam,Jun,Sep,irrigated,5.9,23.8,163.9,74.9,81.1,Pioneer 30Y87
Sandy Loam,Jul,Oct,rainfed,5.9,26.9,175.8,71.1,84.3,NK-6240
Loamy soil,Jun,Sep,irrigated,6.7,23.7,176.3,74.4,66.8,Pioneer 30Y87
Sandy Loam,Jul,Oct,rainfed,6.1,20.4,130.8,61.4,65.8,DK-919
Sandy Loam,Jun,Sep,irrigated,6.2,20.5,132.5,60.7,66.0,DK-919
Sandy Loam,Jul,Oct,rainfed,5.5,19.0,178.8,86.4,77.1,Pioneer 30Y87
Loamy soil,Jun,Sep,irrigated,6.5,18.2,136.4,66.4,63.6,DK-919
Loamy soil,Jul,Oct,rainfed,6.6,24.5,174.5,74.9,86.4,Pioneer 30Y87
Clay Loam,Jun,Sep,irrigated,6.8,18.5,174.3,62.7,87.3,NK-6240
Loamy soil,Jul,Oct,rainfed,6.5,22.3,178.7,71.4,77.5,Pioneer 30Y87
Sandy Loam,Jun,Sep,irrigated,6.1,25.3,163.1,74.9,83.1,Pioneer 30Y87
Loamy soil,Jul,Oct,rainfed,6.4,23.2,125.7,88.8,72.2,Borloo YH-1898
Sandy Loam,Jun,Sep,irrigated,6.2,25.0,128.7,71.4,62.4,DK-919
Sandy Loam,Jul,Oct,rainfed,5.6,24.0,141.0,66.6,89.8,NK-6240
Clay Loam,Jun,Sep,irrigated,6.9,21.7,158.5,67.2,68.1,DK-5219
Sandy Loam,Jul,Oct,rainfed,5.6,22.2,180.0,65.4,75.4,DK-919
Clay Loam,Jun,Sep,irrigated,7.0,19.9,142.1,75.9,87.1,NK-6240
Sandy Loam,Jul,Oct,rainfed,5.7,23.0,133.0,87.1,86.3,NK-6240
Loamy soil,Jun,Sep,irrigated,6.7,20.0,142.7,78.2,70.0,DK-5219
Sandy Loam,Jul,Oct,rainfed,5.7,24.5,145.6,66.9,80.2,NK-6240
Clay Loam,Jun,Sep,irrigated,7.0,19.0,163.6,76.1,69.7,Pioneer 30Y87
Clay Loam,Jul,Oct,rainfed,6.9,21.0,178.1,77.0,84.7,NK-6240
Sandy Loam,Jun,Sep,irrigated,6.1,19.3,145.7,75.7,73.5,DK-919
Clay Loam,Jul,Oct,rainfed,6.9,20.6,137.4,85.0,72.6,Borloo YH-1898
Sandy Loam,Jun,Sep,irrigated,5.9,19.7,141.8,89.3,81.4,DK-919
Loamy soil,Jul,Oct,rainfed,6.6,21.8,123.9,85.6,84.1,Borloo YH-1898
Sandy Loam,Jun,Sep,irrigated,6.2,20.8,162.1,73.5,68.6,DK-919
Sandy Loam,Jul,Oct,rainfed,5.7,22.0,120.9,89.3,83.1,DK-919
Sandy Loam,Jun,Sep,irrigated,5.7,18.2,158.8,85.5,74.7,Borloo YH-1898
Sandy Loam,Jul,Oct,rainfed,5.7,25.3,142.6,69.3,60.2,DK-919
Sandy Loam,Jun,Sep,irrigated,5.6,20.9,126.4,88.5,79.3,DK-919
Loamy soil,Jul,Oct,rainfed,6.5,24.9,126.0,77.7,74.4,Pioneer 30Y87
Loamy soil,Jun,Sep,irrigated,6.7,21.9,162.7,68.3,77.4,Pioneer 30Y87
Clay Loam,Jul,Oct,rainfed,6.8,24.7,143.3,65.3,77.9,NK-6240
Sandy Loam,Jun,Sep,irrigated,6.1,18.5,133.7,77.7,84.7,DK-919
Sandy Loam,Jul,Oct,rainfed,5.6,22.6,133.6,89.2,83.7,NK-6240
Clay Loam,Jun,Sep,irrigated,7.0,22.0,146.7,61.2,75.7,NK-6240
Clay Loam,Jul,Oct,rainfed,6.9,25.3,165.0,86.7,67.3,Pioneer 30Y87
Sandy Loam,Jun,Sep,irrigated,5.9,25.7,168.7,73.9,63.8,Pioneer 30Y87
Sandy Loam,Jul,Oct,rainfed,6.1,26.9,136.9,69.6,74.9,DK-919
Loamy soil,Jun,Sep,irrigated,6.5,23.9,156.0,65.2,82.7,NK-6240
Loamy soil,Jul,Oct,rainfed,6.4,24.3,149.1,89.7,88.6,Borloo YH-1898
Clay Loam,Jun,Sep,irrigated,6.8,21.5,160.6,80.7,74.2,Pioneer 30Y87
Sandy Loam,Jul,Oct,rainfed,5.8,25.3,176.2,68.7,87.8,NK-6240
Sandy Loam,Jun,Sep,irrigated,5.9,22.6,132.0,65.4,87.0,DK-919
Clay Loam,Jul,Oct,rainfed,6.9,24.7,155.4,67.8,89.4,NK-6240
Clay Loam,Jun,Sep,irrigated,6.8,20.8,175.1,69.0,78.9,Pioneer 30Y87
Loamy soil,Jul,Oct,rainfed,6.5,19.0,148.9,78.1,73.5,Borloo YH-1898
Loamy soil,Jun,Sep,irrigated,6.7,24.4,155.4,60.5,67.4,DK-5219
Sandy Loam,Jul,Oct,rainfed,5.9,18.6,166.4,65.8,64.5,DK-919
Sandy Loam,Jun,Sep,irrigated,5.6,25.4,157.2,62.6,82.1,NK-6240
Sandy Loam,Jul,Oct,rainfed,5.7,22.4,138.0,77.4,82.9,NK-6240
Clay Loam,Jun,Sep,irrigated,6.9,22.0,121.6,73.7,77.4,NK-6240
Sandy Loam,Jul,Oct,rainfed,5.6,22.2,176.9,65.6,68.8,DK-919
Clay Loam,Jun,Sep,irrigated,6.8,21.2,157.0,65.4,82.6,NK-6240
Sandy Loam,Jul,Oct,rainfed,5.7,21.3,175.2,87.2,83.0,Pioneer 30Y87
Sandy Loam,Jun,Sep,irrigated,6.1,18.4,124.4,66.3,86.3,DK-919
Loamy soil,Jul,Oct,rainfed,6.6,24.5,170.2,74.5,75.8,Pioneer 30Y87
Loamy soil,Jun,Sep,irrigated,6.5,24.3,120.1,80.7,67.8,Borloo YH-1898
Loamy soil,Jul,Oct,rainfed,6.7,20.6,121.7,66.3,88.4,NK-6240
Loamy soil,Jun,Sep,irrigated,6.4,25.4,123.5,86.3,62.2,Borloo YH-1898
Loamy soil,Jul,Oct,rainfed,6.4,21.2,145.3,68.7,77.7,Borloo YH-1898
Sandy Loam,Jun,Sep,irrigated,5.5,22.3,143.8,67.9,69.9,DK-919
Sandy Loam,Jul,Oct,rainfed,5.6,23.9,176.8,89.3,63.8,Pioneer 30Y87
Sandy Loam,Jun,Sep,irrigated,5.9,22.3,129.1,82.2,76.0,DK-919
Loamy soil,Jul,Oct,rainfed,6.3,22.8,129.6,71.4,61.4,DK-919
Sandy Loam,Jun,Sep,irrigated,5.5,26.1,122.7,75.0,70.8,DK-5219
Loamy soil,Jul,Oct,rainfed,6.6,23.2,178.8,81.2,78.0,Pioneer 30Y87
Sandy Loam,Jun,Sep,irrigated,5.8,19.9,144.1,67.9,79.2,DK-919
Sandy Loam,Jul,Oct,rainfed,5.9,21.5,131.5,74.7,78.6,DK-919
Clay Loam,Jun,Sep,irrigated,7.0,20.5,153.5,86.5,79.0,Borloo YH-1898
Sandy Loam,Jul,Oct,rainfed,5.9,21.0,166.1,85.9,89.4,Borloo YH-1898
Sandy Loam,Jun,Sep,irrigated,5.6,23.8,142.7,73.1,77.2,DK-5219
Loamy soil,Jul,Oct,rainfed,6.7,22.6,138.5,67.3,83.1,NK-6240
Clay Loam,Jun,Sep,irrigated,7.0,26.6,125.8,89.2,87.5,NK-6240
Sandy Loam,Jul,Oct,rainfed,5.9,25.2,140.2,66.6,72.7,DK-919
Sandy Loam,Jun,Sep,irrigated,6.0,24.2,135.2,78.5,66.3,DK-919
Sandy Loam,Jul,Oct,rainfed,6.0,25.2,138.4,62.1,81.5,NK-6240
Loamy soil,Jun,Sep,irrigated,6.5,21.5,130.2,89.1,67.6,Borloo YH-1898
Clay Loam,Jul,Oct,rainfed,6.9,21.3,150.8,66.9,65.9,DK-5219
Sandy Loam,Jun,Sep,irrigated,5.9,25.1,159.4,62.3,72.3,DK-5219
Sandy Loam,Jul,Oct,rainfed,5.5,20.6,172.0,61.1,86.8,DK-919
Sandy Loam,Jun,Sep,irrigated,5.8,20.2,128.0,65.0,62.3,DK-919
Sandy Loam,Jul,Oct,rainfed,6.1,22.9,178.1,75.4,60.5,Pioneer 30Y87
Clay Loam,Jun,Sep,irrigated,7.0,18.5,123.1,79.8,61.3,DK-919
Clay Loam,Jul,Oct,rainfed,6.9,21.0,135.2,87.0,85.3,NK-6240
Loamy soil,Jun,Sep,irrigated,6.6,25.7,156.4,88.0,87.2,Borloo YH-1898
Sandy Loam,Jul,Oct,rainfed,6.0,21.8,169.3,81.0,80.3,Pioneer 30Y87
Sandy Loam,Jun,Sep,irrigated,6.2,21.4,172.9,72.2,66.4,DK-919
Sandy Loam,Jul,Oct,rainfed,5.5,19.5,137.4,80.3,85.6,DK-919
Sandy Loam,Jun,Sep,irrigated,5.9,19.5,132.1,87.0,67.4,DK-919
Loamy soil,Jul,Oct,rainfed,6.4,25.0,177.1,77.2,67.3,Pioneer 30Y87
Sandy Loam,Jun,Sep,irrigated,5.8,22.8,174.7,66.6,89.0,NK-6240
Sandy Loam,Jul,Oct,rainfed,5.7,22.9,160.2,86.2,89.5,Borloo YH-1898
Sandy Loam,Jun,Sep,irrigated,5.7,22.8,166.4,72.8,75.8,Pioneer 30Y87
Sandy Loam,Jul,Oct,rainfed,6.2,19.8,144.8,70.8,72.4,DK-919
Sandy Loam,Jun,Sep,irrigated,5.6,18.8,163.5,68.3,70.3,DK-919
Loamy soil,Jul,Oct,rainfed,6.5,20.0,128.0,87.9,77.7,Borloo YH-1898
Loamy soil,Jun,Sep,irrigated,6.3,21.5,166.0,83.9,82.3,Borloo YH-1898
Loamy soil,Jul,Oct,rainfed,6.4,24.4,155.3,72.5,86.8,NK-6240
Loamy soil,Jun,Sep,irrigated,6.5,23.3,175.2,67.5,76.4,Pioneer 30Y87
Sandy Loam,Jul,Oct,rainfed,6.2,21.7,150.3,83.1,85.8,Borloo YH-1898
Sandy Loam,Jun,Sep,irrigated,5.8,21.8,150.6,82.6,85.2,Borloo YH-1898
Sandy Loam,Jul,Oct,rainfed,5.6,20.3,132.8,73.6,62.0,DK-919
Loamy soil,Jun,Sep,irrigated,6.3,19.1,155.9,66.0,62.0,DK-919
Sandy Loam,Jul,Oct,rainfed,6.2,24.8,146.1,82.3,70.2,Borloo YH-1898
Clay Loam,Jun,Sep,irrigated,6.8,26.6,125.0,65.4,87.8,NK-6240
Clay Loam,Jul,Oct,rainfed,7.0,26.4,121.2,73.9,67.9,DK-5219
Sandy Loam,Jun,Sep,irrigated,6.1,25.6,135.7,64.9,63.6,DK-919
Sandy Loam,Jul,Oct,rainfed,5.6,19.1,127.4,74.6,77.4,DK-919
Loamy soil,Jun,Sep,irrigated,6.7,18.2,122.9,74.7,71.3,DK-5219
Sandy Loam,Jul,Oct,rainfed,5.6,25.3,179.1,69.6,83.9,NK-6240
Sandy Loam,Jun,Sep,irrigated,6.1,24.1,125.1,83.4,76.9,Borloo YH-1898
Loamy soil,Jul,Oct,rainfed,6.7,25.7,126.5,88.5,63.5,Borloo YH-1898
Loamy soil,Jun,Sep,irrigated,6.7,20.1,142.9,84.9,84.8,Borloo YH-1898
Sandy Loam,Jul,Oct,rainfed,5.6,25.1,159.3,86.0,63.6,Borloo YH-1898
Sandy Loam,Jun,Sep,irrigated,6.1,20.9,139.4,69.4,67.3,DK-919
Loamy soil,Jul,Oct,rainfed,6.5,26.8,163.3,89.6,89.9,Borloo YH-1898
Clay Loam,Jun,Sep,irrigated,6.8,26.2,156.8,87.1,63.2,DK-5219
Clay Loam,Jul,Oct,rainfed,6.8,23.5,134.4,79.5,89.8,NK-6240
Sandy Loam,Jun,Sep,irrigated,6.0,20.6,149.8,70.3,82.6,DK-919
Sandy Loam,Jul,Oct,rainfed,6.1,20.9,136.0,65.5,64.0,DK-919
Clay Loam,Jun,Sep,irrigated,6.9,26.2,122.6,71.4,86.0,NK-6240
Sandy Loam,Jul,Oct,rainfed,6.1,22.1,139.9,62.9,62.7,DK-919
Loamy soil,Jun,Sep,irrigated,6.4,25.8,126.8,88.8,78.6,Borloo YH-1898
Loamy soil,Jul,Oct,rainfed,6.3,18.6,151.5,89.1,84.7,Borloo YH-1898
Sandy Loam,Jun,Sep,irrigated,5.5,21.8,167.6,85.3,89.9,Borloo YH-1898
Clay Loam,Jul,Oct,rainfed,6.8,19.7,128.7,72.1,71.6,DK-919
Sandy Loam,Jun,Sep,irrigated,6.1,24.0,173.4,62.2,67.6,DK-919
Sandy Loam,Jul,Oct,rainfed,5.6,24.7,168.9,81.3,67.2,Pioneer 30Y87
Sandy Loam,Jun,Sep,irrigated,6.0,22.2,154.4,62.3,86.5,NK-6240
Clay Loam,Jul,Oct,rainfed,6.8,18.9,132.5,62.1,73.7,DK-919
Sandy Loam,Jun,Sep,irrigated,5.7,24.7,169.5,72.9,81.4,Pioneer 30Y87
Loamy soil,Jul,Oct,rainfed,6.5,20.5,144.9,65.1,75.7,Borloo YH-1898
Loamy soil,Jun,Sep,irrigated,6.7,21.4,150.3,76.9,65.2,DK-5219
Sandy Loam,Jul,Oct,rainfed,6.0,23.7,129.5,85.2,77.5,Borloo YH-1898
Sandy Loam,Jun,Sep,irrigated,5.8,22.5,140.9,70.1,72.2,DK-919
Sandy Loam,Jul,Oct,rainfed,5.9,20.9,158.6,65.9,74.7,DK-919
Loamy soil,Jun,Sep,irrigated,6.3,19.8,133.7,85.0,71.8,Borloo YH-1898
Sandy Loam,Jul,Oct,rainfed,5.7,26.9,161.0,62.4,67.5,DK-919
Sandy Loam,Jun,Sep,irrigated,5.6,19.2,158.4,67.5,64.4,DK-919
Sandy Loam,Jul,Oct,rainfed,6.1,22.2,139.8,67.7,62.4,DK-919
Sandy Loam,Jun,Sep,irrigated,5.7,26.2,171.7,64.2,70.7,Pioneer 30Y87
Sandy Loam,Jul,Oct,rainfed,5.8,24.2,159.3,68.9,82.8,NK-6240
Sandy Loam,Jun,Sep,irrigated,5.9,25.4,122.0,67.0,88.1,DK-919
Loamy soil,Jul,Oct,rainfed,6.4,23.2,180.0,76.1,82.0,Pioneer 30Y87
Sandy Loam,Jun,Sep,irrigated,5.9,25.9,139.2,65.7,60.0,DK-919
Sandy Loam,Jul,Oct,rainfed,6.1,20.4,128.8,87.3,73.8,DK-919
Clay Loam,Jun,Sep,irrigated,6.9,23.8,151.3,81.1,62.8,DK-5219
Loamy soil,Jul,Oct,rainfed,6.7,20.2,178.8,64.3,84.4,NK-6240
Clay Loam,Jun,Sep,irrigated,6.9,21.6,177.2,88.9,71.3,Pioneer 30Y87
Clay Loam,Jul,Oct,rainfed,7.0,24.5,141.1,78.0,80.7,NK-6240
Sandy Loam,Jun,Sep,irrigated,5.7,24.8,146.6,77.5,74.9,DK-5219
Sandy Loam,Jul,Oct,rainfed,5.5,18.8,177.6,71.9,89.6,DK-919
Sandy Loam,Jun,Sep,irrigated,6.1,20.0,142.1,71.2,76.4,DK-919
Sandy Loam,Jul,Oct,rainfed,6.0,24.3,134.3,88.1,77.6,Borloo YH-1898
Sandy Loam,Jun,Sep,irrigated,5.7,23.5,177.7,68.6,78.5,Pioneer 30Y87
Sandy Loam,Jul,Oct,rainfed,5.8,22.0,164.5,70.2,82.6,DK-919
Sandy Loam,Jun,Sep,irrigated,5.7,25.9,171.9,61.6,72.4,Pioneer 30Y87
Sandy Loam,Jul,Oct,rainfed,6.2,26.0,173.9,83.4,71.9,Borloo YH-1898
Clay Loam,Jun,Sep,irrigated,6.8,20.4,149.4,82.7,84.7,NK-6240
Loamy soil,Jul,Oct,rainfed,6.5,19.4,173.1,78.3,74.4,Pioneer 30Y87
Loamy soil,Jun,Sep,irrigated,6.7,22.3,163.2,84.5,88.1,Borloo YH-1898
Loamy soil,Jul,Oct,rainfed,6.3,18.8,161.4,74.2,86.0,Pioneer 30Y87
Sandy Loam,Jun,Sep,irrigated,5.8,19.2,159.1,63.1,74.5,DK-919
Clay Loam,Jul,Oct,rainfed,6.8,21.5,136.2,72.7,85.9,NK-6240
Clay Loam,Jun,Sep,irrigated,7.0,18.2,164.6,78.6,82.1,Pioneer 30Y87
Sandy Loam,Jul,Oct,rainfed,6.1,19.7,129.4,88.3,86.0,DK-919
Sandy Loam,Jun,Sep,irrigated,5.7,19.5,164.2,66.3,88.8,DK-919
Clay Loam,Jul,Oct,rainfed,7.0,24.2,139.8,83.9,86.5,NK-6240
Loamy soil,Jun,Sep,irrigated,6.5,20.4,161.3,88.1,80.0,Borloo YH-1898
Sandy Loam,Jul,Oct,rainfed,6.2,18.3,158.9,71.5,68.0,DK-919
Sandy Loam,Jun,Sep,irrigated,6.0,19.7,162.3,88.9,71.8,DK-919
Clay Loam,Jul,Oct,rainfed,6.9,24.7,160.4,69.7,80.6,NK-6240
Sandy Loam,Jun,Sep,irrigated,6.0,19.5,179.0,76.0,83.3,DK-919
Loamy soil,Jul,Oct,rainfed,6.6,22.6,151.1,78.9,71.2,Borloo YH-1898
Sandy Loam,Jun,Sep,irrigated,6.1,25.2,153.4,76.2,88.0,NK-6240
Sandy Loam,Jul,Oct,rainfed,5.8,20.4,158.3,61.2,75.5,DK-919
Clay Loam,Jun,Sep,irrigated,7.0,22.9,125.5,80.6,77.8,NK-6240
Sandy Loam,Jul,Oct,rainfed,6.2,20.1,160.2,64.8,85.4,DK-919
Sandy Loam,Jun,Sep,irrigated,5.9,22.5,149.8,69.3,72.7,DK-919
Sandy Loam,Jul,Oct,rainfed,5.9,19.2,127.6,63.6,87.7,DK-919
Loamy soil,Jun,Sep,irrigated,6.7,26.9,154.3,74.0,65.7,DK-5219
Loamy soil,Jul,Oct,rainfed,6.4,22.0,152.5,61.4,79.2,Borloo YH-1898
Loamy soil,Jun,Sep,irrigated,6.6,20.5,165.2,73.1,67.3,Pioneer 30Y87
Loamy soil,Jul,Oct,rainfed,6.7,18.6,172.2,79.2,83.6,Pioneer 30Y87
Clay Loam,Jun,Sep,irrigated,6.8,18.3,172.9,61.1,62.2,Pioneer 30Y87
Loamy soil,Jul,Oct,rainfed,6.4,25.8,138.2,71.9,60.5,DK-5219
Clay Loam,Jun,Sep,irrigated,6.9,22.7,122.0,71.9,85.5,NK-6240
Clay Loam,Jul,Oct,rainfed,6.9,18.4,151.3,79.7,70.9,DK-5219
Clay Loam,Jun,Sep,irrigated,6.9,20.0,130.8,82.4,81.5,NK-6240
Loamy soil,Jul,Oct,rainfed,6.5,19.2,132.3,65.5,67.8,DK-919
Sandy Loam,Jun,Sep,irrigated,5.6,22.4,135.8,76.8,60.5,DK-919
Sandy Loam,Jul,Oct,rainfed,6.2,18.2,163.5,86.1,67.7,Borloo YH-1898
Loamy soil,Jun,Sep,irrigated,6.7,21.3,124.8,86.2,64.9,Borloo YH-1898
Sandy Loam,Jul,Oct,rainfed,5.9,24.6,174.8,85.6,63.0,Pioneer 30Y87
Loamy soil,Jun,Sep,irrigated,6.3,22.1,153.1,84.7,82.1,Borloo YH-1898
Loamy soil,Jul,Oct,rainfed,6.5,23.9,143.0,89.1,83.5,Borloo YH-1898
Clay Loam,Jun,Sep,irrigated,6.9,24.6,127.5,83.2,65.6,DK-5219
Loamy soil,Jul,Oct,rainfed,6.5,22.9,154.9,86.3,65.0,Borloo YH-1898
Sandy Loam,Jun,Sep,irrigated,5.9,19.8,144.5,76.8,63.8,DK-919
Sandy Loam,Jul,Oct,rainfed,6.1,19.5,174.4,83.3,78.2,Borloo YH-1898
Loamy soil,Jun,Sep,irrigated,6.7,25.8,179.8,81.2,76.9,Pioneer 30Y87
Sandy Loam,Jul,Oct,rainfed,5.6,18.7,139.4,78.2,67.7,DK-919
Loamy soil,Jun,Sep,irrigated,6.5,19.5,140.7,69.8,83.3,NK-6240
Sandy Loam,Jul,Oct,rainfed,5.8,20.9,156.0,74.8,67.5,DK-919
Clay Loam,Jun,Sep,irrigated,6.9,25.5,131.8,62.5,62.0,NK-6240
Sandy Loam,Jul,Oct,rainfed,5.7,20.4,126.1,79.7,73.0,DK-919
Sandy Loam,Jun,Sep,irrigated,5.9,20.3,155.3,70.0,70.2,DK-919
Loamy soil,Jul,Oct,rainfed,6.3,19.7,123.8,71.7,72.8,DK-919
Sandy Loam,Jun,Sep,irrigated,6.0,22.5,179.8,68.6,80.9,NK-6240
Sandy Loam,Jul,Oct,rainfed,5.5,23.9,129.6,86.2,80.1,Borloo YH-1898
Sandy Loam,Jun,Sep,irrigated,6.1,18.3,149.3,60.2,87.9,DK-919
Sandy Loam,Jul,Oct,rainfed,5.9,19.8,141.9,85.8,81.7,DK-919
Loamy soil,Jun,Sep,irrigated,6.6,24.1,168.8,68.8,81.2,Pioneer 30Y87
Sandy Loam,Jul,Oct,rainfed,5.6,19.3,120.0,63.5,63.4,DK-919
Sandy Loam,Jun,Sep,irrigated,5.9,26.4,176.9,87.0,64.2,Pioneer 30Y87
Loamy soil,Jul,Oct,rainfed,6.6,25.0,167.3,65.7,64.7,Pioneer 30Y87
Sandy Loam,Jun,Sep,irrigated,6.1,19.3,129.4,63.7,77.7,DK-919
Sandy Loam,Jul,Oct,rainfed,5.8,22.9,158.6,61.7,63.3,DK-919
Sandy Loam,Jun,Sep,irrigated,6.1,20.1,140.7,82.2,86.8,DK-919
Clay Loam,Jul,Oct,rainfed,7.0,19.9,177.9,68.7,80.5,NK-6240
Sandy Loam,Jun,Sep,irrigated,5.7,18.8,145.1,66.8,60.5,DK-919
Sandy Loam,Jul,Oct,rainfed,5.8,24.0,151.8,79.7,60.1,Borloo YH-1898
Loamy soil,Jun,Sep,irrigated,6.4,19.0,123.6,62.6,63.8,DK-919
Loamy soil,Jul,Oct,rainfed,6.6,21.1,123.8,64.4,64.2,DK-919
Clay Loam,Jun,Sep,irrigated,6.8,22.3,144.5,71.0,87.9,NK-6240
Sandy Loam,Jul,Oct,rainfed,5.8,26.7,179.1,77.0,69.5,Pioneer 30Y87
Loamy soil,Jun,Sep,irrigated,6.6,23.6,142.2,78.9,61.9,Borloo YH-1898
Sandy Loam,Jul,Oct,rainfed,5.9,25.9,126.7,61.5,64.1,DK-919
Loamy soil,Jun,Sep,irrigated,6.5,18.5,159.9,76.1,71.1,Pioneer 30Y87
Sandy Loam,Jul,Oct,rainfed,6.1,18.9,148.8,78.7,79.0,DK-919
Clay Loam,Jun,Sep,irrigated,6.8,19.8,133.9,60.0,65.2,DK-919
Loamy soil,Jul,Oct,rainfed,6.6,26.3,178.6,80.7,85.1,Pioneer 30Y87
Sandy Loam,Jun,Sep,irrigated,6.2,26.2,143.9,66.3,81.8,NK-6240
Sandy Loam,Jul,Oct,rainfed,5.9,26.5,142.5,81.9,68.0,DK-5219
Sandy Loam,Jun,Sep,irrigated,6.0,18.6,141.6,86.9,72.2,DK-919
Clay Loam,Jul,Oct,rainfed,6.9,23.2,178.5,74.9,83.2,NK-6240
Sandy Loam,Jun,Sep,irrigated,6.2,21.8,157.3,81.0,64.1,Borloo YH-1898
Sandy Loam,Jul,Oct,rainfed,5.9,25.0,136.7,70.5,70.5,DK-919
Loamy soil,Jun,Sep,irrigated,6.4,20.9,141.1,88.2,89.5,Borloo YH-1898
Sandy Loam,Jul,Oct,rainfed,5.8,25.8,147.5,79.2,73.8,DK-5219
Loamy soil,Jun,Sep,irrigated,6.4,19.9,165.8,89.1,63.4,Borloo YH-1898
Sandy Loam,Jul,Oct,rainfed,5.6,21.1,160.5,83.1,72.8,Borloo YH-1898
Sandy Loam,Jun,Sep,irrigated,5.6,23.2,162.8,60.6,78.0,Pioneer 30Y87
Clay Loam,Jul,Oct,rainfed,6.9,18.6,162.7,74.2,69.2,Pioneer 30Y87
Clay Loam,Jun,Sep,irrigated,6.9,21.0,162.6,65.0,88.7,NK-6240
Sandy Loam,Jul,Oct,rainfed,5.8,18.9,137.3,77.0,63.7,DK-919
Clay Loam,Jun,Sep,irrigated,6.9,21.1,176.3,60.6,80.6,Pioneer 30Y87
Loamy soil,Jul,Oct,rainfed,6.7,24.6,172.1,78.1,84.8,Pioneer 30Y87
Sandy Loam,Jun,Sep,irrigated,5.9,18.3,141.5,84.4,66.8,DK-919
Loamy soil,Jul,Oct,rainfed,6.3,21.6,139.7,72.8,77.4,DK-919
Loamy soil,Jun,Sep,irrigated,6.7,22.7,136.4,60.1,73.2,Pioneer 30Y87
Clay Loam,Jul,Oct,rainfed,6.8,20.8,146.8,82.5,79.1,Borloo YH-1898
Sandy Loam,Jun,Sep,irrigated,5.7,23.1,135.1,85.8,77.4,Borloo YH-1898
Sandy Loam,Jul,Oct,rainfed,6.0,20.8,179.2,86.7,68.4,DK-919
Clay Loam,Jun,Sep,irrigated,7.0,20.9,159.5,80.6,61.4,Borloo YH-1898
Sandy Loam,Jul,Oct,rainfed,5.6,23.0,124.0,61.4,76.6,DK-919
Sandy Loam,Jun,Sep,irrigated,6.1,22.8,168.2,83.6,66.0,Borloo YH-1898
Sandy Loam,Jul,Oct,rainfed,5.5,23.5,127.6,78.4,86.7,NK-6240
Sandy Loam,Jun,Sep,irrigated,6.1,20.8,169.8,82.9,86.4,Borloo YH-1898
Sandy Loam,Jul,Oct,rainfed,6.2,23.4,166.5,64.3,78.3,Pioneer 30Y87
Loamy soil,Jun,Sep,irrigated,6.3,19.1,178.5,87.2,74.9,Borloo YH-1898
Loamy soil,Jul,Oct,rainfed,6.6,19.1,171.3,81.4,60.8,Pioneer 30Y87
Loamy soil,Jun,Sep,irrigated,6.5,22.4,135.3,79.8,82.7,NK-6240
Sandy Loam,Jul,Oct,rainfed,5.8,19.4,163.3,87.6,68.3,DK-919
Sandy Loam,Jun,Sep,irrigated,6.1,18.3,154.2,86.7,77.4,Borloo YH-1898
Loamy soil,Jul,Oct,rainfed,6.4,26.0,142.1,63.0,73.9,DK-5219
Loamy soil,Jun,Sep,irrigated,6.5,25.5,159.8,74.8,72.0,DK-5219
Clay Loam,Jul,Oct,rainfed,6.8,26.8,174.5,80.4,78.9,Pioneer 30Y87
Clay Loam,Jun,Sep,irrigated,6.8,26.6,143.3,70.0,70.0,DK-5219
Sandy Loam,Jul,Oct,rainfed,6.0,22.3,162.4,61.3,90.0,DK-919
Sandy Loam,Jun,Sep,irrigated,5.9,25.3,127.1,62.5,69.0,DK-919
Clay Loam,Jul,Oct,rainfed,6.9,24.5,145.9,60.1,75.7,DK-5219
Sandy Loam,Jun,Sep,irrigated,6.1,18.5,148.0,85.5,81.3,Borloo YH-1898
Sandy Loam,Jul,Oct,rainfed,6.0,22.0,133.9,70.4,84.9,DK-919
Sandy Loam,Jun,Sep,irrigated,5.8,18.7,171.5,82.8,66.2,DK-919
Sandy Loam,Jul,Oct,rainfed,6.0,26.7,135.8,82.2,76.0,Borloo YH-1898
Sandy Loam,Jun,Sep,irrigated,6.0,23.2,136.7,82.8,72.0,Borloo YH-1898
Sandy Loam,Jul,Oct,rainfed,5.7,19.5,172.3,76.3,73.5,DK-919
Clay Loam,Jun,Sep,irrigated,7.0,23.1,148.3,75.7,79.3,NK-6240
Sandy Loam,Jul,Oct,rainfed,5.7,21.8,144.7,86.4,71.2,Borloo YH-1898
Loamy soil,Jun,Sep,irrigated,6.7,26.3,126.8,75.9,74.0,DK-5219
Sandy Loam,Jul,Oct,rainfed,6.1,25.8,169.5,84.2,69.4,Borloo YH-1898
Sandy Loam,Jun,Sep,irrigated,6.0,22.4,175.3,86.4,74.9,Borloo YH-1898
Sandy Loam,Jul,Oct,rainfed,5.9,24.7,145.5,82.2,89.1,Borloo YH-1898
Sandy Loam,Jun,Sep,irrigated,5.5,26.7,170.5,89.4,64.3,Pioneer 30Y87
Loamy soil,Jul,Oct,rainfed,6.5,23.9,135.5,84.9,74.3,Borloo YH-1898
Loamy soil,Jun,Sep,irrigated,6.5,23.0,160.1,77.4,73.5,Pioneer 30Y87
Loamy soil,Jul,Oct,rainfed,6.3,26.4,164.4,82.4,68.4,Borloo YH-1898
Clay Loam,Jun,Sep,irrigated,6.8,21.1,158.4,83.6,60.7,Borloo YH-1898
Loamy soil,Jul,Oct,rainfed,6.6,25.3,162.0,79.2,76.9,Pioneer 30Y87
Loamy soil,Jun,Sep,irrigated,6.4,26.5,164.0,68.9,66.3,Pioneer 30Y87
Sandy Loam,Jul,Oct,rainfed,5.5,21.5,172.1,68.5,85.7,DK-919
Sandy Loam,Jun,Sep,irrigated,5.5,19.5,127.6,74.9,86.3,DK-919
Sandy Loam,Jul,Oct,rainfed,6.0,25.5,136.7,60.8,69.1,DK-919
Clay Loam,Jun,Sep,irrigated,6.9,23.4,148.6,79.7,87.6,NK-6240
Sandy Loam,Jul,Oct,rainfed,6.2,18.1,147.2,88.3,86.1,Borloo YH-1898
Sandy Loam,Jun,Sep,irrigated,6.2,18.7,154.4,74.8,71.9,DK-919
Loamy soil,Jul,Oct,rainfed,6.4,22.6,147.0,74.0,70.8,Borloo YH-1898
Sandy Loam,Jun,Sep,irrigated,5.7,25.1,149.6,71.7,67.0,DK-5219
Sandy Loam,Jul,Oct,rainfed,5.8,26.9,158.2,83.4,86.0,Borloo YH-1898
Loamy soil,Jun,Sep,irrigated,6.3,22.9,156.0,63.6,67.9,Borloo YH-1898
Sandy Loam,Jul,Oct,rainfed,5.7,18.2,128.8,60.0,79.2,DK-919
Loamy soil,Jun,Sep,irrigated,6.4,24.0,179.4,79.4,78.8,Pioneer 30Y87
Sandy Loam,Jul,Oct,rainfed,5.7,25.9,130.5,74.0,79.2,NK-6240
Sandy Loam,Jun,Sep,irrigated,5.8,26.5,166.6,73.9,87.7,Pioneer 30Y87
Loamy soil,Jul,Oct,rainfed,6.4,25.1,167.1,76.3,84.1,Pioneer 30Y87
Loamy soil,Jun,Sep,irrigated,6.4,20.1,149.7,78.3,80.9,Borloo YH-1898
Sandy Loam,Jul,Oct,rainfed,5.6,23.1,145.4,72.7,87.6,NK-6240
Sandy Loam,Jun,Sep,irrigated,6.1,18.1,130.7,72.8,61.9,DK-919
Loamy soil,Jul,Oct,rainfed,6.3,19.7,126.6,70.5,60.7,DK-919
Sandy Loam,Jun,Sep,irrigated,5.6,21.3,137.5,86.1,67.3,DK-919
Sandy Loam,Jul,Oct,rainfed,5.7,24.3,162.6,87.4,60.1,Borloo YH-1898
Sandy Loam,Jun,Sep,irrigated,5.9,18.9,175.2,70.6,65.0,DK-919
Sandy Loam,Jul,Oct,rainfed,5.7,25.4,152.6,80.0,89.7,DK-5219
Sandy Loam,Jun,Sep,irrigated,6.0,23.1,128.0,87.0,86.6,Borloo YH-1898
Sandy Loam,Jul,Oct,rainfed,6.2,23.9,129.5,72.2,66.6,DK-919
Sandy Loam,Jun,Sep,irrigated,5.9,22.3,175.4,69.5,74.4,DK-919
Sandy Loam,Jul,Oct,rainfed,5.6,22.4,130.0,77.0,78.0,DK-919
Sandy Loam,Jun,Sep,irrigated,5.5,24.9,146.1,84.0,80.7,Borloo YH-1898
Sandy Loam,Jul,Oct,rainfed,5.7,22.5,136.6,63.3,75.1,DK-919
Sandy Loam,Jun,Sep,irrigated,5.7,18.8,153.8,89.0,78.5,Borloo YH-1898
Sandy Loam,Jul,Oct,rainfed,6.2,26.8,168.5,60.8,68.8,Pioneer 30Y87
Sandy Loam,Jun,Sep,irrigated,6.2,23.1,154.7,78.8,89.6,Borloo YH-1898
Clay Loam,Jul,Oct,rainfed,7.0,19.6,169.8,64.2,81.1,NK-6240
Sandy Loam,Jun,Sep,irrigated,6.2,26.4,123.9,73.1,84.9,NK-6240
Clay Loam,Jul,Oct,rainfed,6.9,22.8,165.4,72.3,85.9,NK-6240
Sandy Loam,Jun,Sep,irrigated,6.2,22.8,160.0,66.1,82.5,NK-6240
Clay Loam,Jul,Oct,rainfed,6.8,20.4,142.8,80.9,89.0,NK-6240
Loamy soil,Jun,Sep,irrigated,6.3,24.9,162.3,74.0,89.9,Pioneer 30Y87
Clay Loam,Jul,Oct,rainfed,6.9,26.4,167.3,69.5,85.6,NK-6240
Loamy soil,Jun,Sep,irrigated,6.6,25.2,168.6,76.4,64.6,Pioneer 30Y87
Sandy Loam,Jul,Oct,rainfed,6.1,25.9,141.8,76.9,66.5,DK-5219
Sandy Loam,Jun,Sep,irrigated,5.7,23.2,176.7,84.0,60.4,Pioneer 30Y87
Loamy soil,Jul,Oct,rainfed,6.7,19.6,164.4,86.4,81.6,Pioneer 30Y87
Sandy Loam,Jun,Sep,irrigated,5.9,22.7,163.1,60.6,72.6,Pioneer 30Y87
Sandy Loam,Jul,Oct,rainfed,5.6,19.8,150.0,77.8,62.8,DK-919
Sandy Loam,Jun,Sep,irrigated,5.9,21.7,122.5,80.9,79.0,DK-919
Loamy soil,Jul,Oct,rainfed,6.7,24.9,125.1,73.1,72.6,DK-5219
Sandy Loam,Jun,Sep,irrigated,6.1,22.8,133.4,76.4,83.7,NK-6240
Loamy soil,Jul,Oct,rainfed,6.5,25.1,165.2,66.4,76.1,Pioneer 30Y87
Sandy Loam,Jun,Sep,irrigated,5.7,25.8,123.7,74.7,80.7,NK-6240
Sandy Loam,Jul,Oct,rainfed,5.6,23.7,168.5,71.2,67.4,Pioneer 30Y87
Loamy soil,Jun,Sep,irrigated,6.5,24.3,122.2,88.7,78.0,Borloo YH-1898
Sandy Loam,Jul,Oct,rainfed,6.2,23.7,166.0,63.9,84.7,NK-6240
Loamy soil,Jun,Sep,irrigated,6.5,19.9,140.4,86.0,65.2,Borloo YH-1898
Sandy Loam,Jul,Oct,rainfed,5.9,26.6,151.8,72.1,63.2,DK-5219
Clay Loam,Jun,Sep,irrigated,6.8,21.3,174.5,84.0,88.2,Pioneer 30Y87
Loamy soil,Jul,Oct,rainfed,6.6,22.5,139.8,63.8,86.2,NK-6240
Loamy soil,Jun,Sep,irrigated,6.4,24.1,121.1,82.5,85.2,Borloo YH-1898
Sandy Loam,Jul,Oct,rainfed,6.1,25.4,146.1,87.4,83.2,Borloo YH-1898
Loamy soil,Jun,Sep,irrigated,6.4,21.4,131.2,86.1,61.2,Borloo YH-1898
Sandy Loam,Jul,Oct,rainfed,5.7,18.2,130.1,73.1,61.7,DK-919
Loamy soil,Jun,Sep,irrigated,6.3,21.5,124.2,63.1,66.3,DK-919
Sandy Loam,Jul,Oct,rainfed,6.1,22.2,173.8,61.2,64.6,DK-919
Loamy soil,Jun,Sep,irrigated,6.5,21.3,166.2,78.5,89.2,Pioneer 30Y87
Clay Loam,Jul,Oct,rainfed,6.8,26.3,121.8,89.2,62.8,DK-5219
Loamy soil,Jun,Sep,irrigated,6.5,20.9,152.6,89.0,73.6,Borloo YH-1898
Sandy Loam,Jul,Oct,rainfed,5.8,19.6,140.2,71.0,61.5,DK-919
Clay Loam,Jun,Sep,irrigated,6.9,23.1,176.0,64.6,78.6,Pioneer 30Y87
Sandy Loam,Jul,Oct,rainfed,5.8,25.1,162.8,67.0,61.3,DK-919
Loamy soil,Jun,Sep,irrigated,6.5,20.1,121.6,65.3,85.2,DK-919
Sandy Loam,Jul,Oct,rainfed,6.2,25.4,131.0,62.9,84.8,NK-6240
Sandy Loam,Jun,Sep,irrigated,5.6,19.7,179.6,76.3,77.4,DK-919
Loamy soil,Jul,Oct,rainfed,6.7,21.6,143.9,78.9,81.8,NK-6240
Loamy soil,Jun,Sep,irrigated,6.7,24.1,168.1,71.6,61.0,Pioneer 30Y87
Loamy soil,Jul,Oct,rainfed,6.6,19.5,146.9,65.0,69.3,DK-919
Loamy soil,Jun,Sep,irrigated,6.3,25.5,133.8,68.3,83.2,NK-6240
Clay Loam,Jul,Oct,rainfed,7.0,22.1,139.3,88.3,73.9,Borloo YH-1898
Loamy soil,Jun,Sep,irrigated,6.7,24.2,124.7,76.4,87.7,NK-6240
Sandy Loam,Jul,Oct,rainfed,5.6,20.6,171.8,77.4,77.0,Pioneer 30Y87
Sandy Loam,Jun,Sep,irrigated,5.9,24.4,177.2,88.2,76.5,Pioneer 30Y87
Sandy Loam,Jul,Oct,rainfed,6.2,23.7,153.7,71.5,83.7,NK-6240
Sandy Loam,Jun,Sep,irrigated,5.7,18.1,179.6,86.6,88.5,DK-919
Sandy Loam,Jul,Oct,rainfed,5.7,19.0,143.3,70.0,86.1,DK-919
Loamy soil,Jun,Sep,irrigated,6.6,20.4,148.7,76.5,89.5,NK-6240
Loamy soil,Jul,Oct,rainfed,6.6,24.0,121.7,64.3,83.7,NK-6240
Clay Loam,Jun,Sep,irrigated,6.9,26.3,120.6,68.0,89.7,NK-6240
Sandy Loam,Jul,Oct,rainfed,5.9,20.3,151.8,83.8,84.0,Borloo YH-1898
Loamy soil,Jun,Sep,irrigated,6.3,19.2,130.9,78.9,79.8,DK-919
Loamy soil,Jul,Oct,rainfed,6.6,23.8,121.2,61.9,70.0,Pioneer 30Y87
Loamy soil,Jun,Sep,irrigated,6.4,21.5,154.0,69.3,60.0,Borloo YH-1898
Loamy soil,Jul,Oct,rainfed,6.6,18.5,164.4,66.2,87.9,NK-6240
Loamy soil,Jun,Sep,irrigated,6.6,18.7,152.4,87.2,66.1,Borloo YH-1898
Sandy Loam,Jul,Oct,rainfed,5.8,20.7,144.6,76.0,64.1,DK-919
Loamy soil,Jun,Sep,irrigated,6.7,24.6,153.0,62.2,67.3,DK-5219
Sandy Loam,Jul,Oct,rainfed,5.9,25.0,122.1,87.3,65.2,DK-919
Sandy Loam,Jun,Sep,irrigated,6.2,21.3,179.2,69.8,81.2,DK-919
Sandy Loam,Jul,Oct,rainfed,5.9,18.4,148.2,88.6,70.4,DK-919
Loamy soil,Jun,Sep,irrigated,6.4,24.6,133.0,70.4,73.3,DK-5219
Sandy Loam,Jul,Oct,rainfed,5.8,18.6,139.2,81.1,65.8,DK-919
Loamy soil,Jun,Sep,irrigated,6.5,19.1,158.8,88.5,82.4,Borloo YH-1898
Sandy Loam,Jul,Oct,rainfed,6.2,20.7,134.0,76.1,65.8,DK-919
Loamy soil,Jun,Sep,irrigated,6.7,20.8,148.3,69.0,70.4,DK-5219
Loamy soil,Jul,Oct,rainfed,6.3,20.0,173.8,61.6,86.5,DK-919
Sandy Loam,Jun,Sep,irrigated,6.1,24.0,131.2,85.5,70.1,Borloo YH-1898
Sandy Loam,Jul,Oct,rainfed,5.9,23.9,158.0,72.8,60.8,DK-919
Loamy soil,Jun,Sep,irrigated,6.7,24.1,171.0,72.8,86.3,Pioneer 30Y87
Sandy Loam,Jul,Oct,rainfed,5.7,24.2,179.7,64.5,61.0,DK-919
Clay Loam,Jun,Sep,irrigated,7.0,21.3,156.5,88.1,74.9,Borloo YH-1898
Sandy Loam,Jul,Oct,rainfed,5.6,19.5,128.6,84.5,74.5,DK-919
Loamy soil,Jun,Sep,irrigated,6.3,21.8,157.2,76.6,63.6,Borloo YH-1898
Sandy Loam,Jul,Oct,rainfed,5.5,19.9,158.8,69.8,64.2,DK-919
Loamy soil,Jun,Sep,irrigated,6.6,24.7,132.4,77.7,64.7,DK-5219
Clay Loam,Jul,Oct,rainfed,6.8,24.7,138.1,89.8,85.7,NK-6240
Sandy Loam,Jun,Sep,irrigated,6.2,24.0,155.0,64.3,60.8,DK-919
Loamy soil,Jul,Oct,rainfed,6.4,23.4,141.1,81.4,61.9,Borloo YH-1898
Loamy soil,Jun,Sep,irrigated,6.7,18.4,175.1,88.4,68.7,Pioneer 30Y87
Loamy soil,Jul,Oct,rainfed,6.7,19.4,128.0,60.1,77.5,DK-919
Clay Loam,Jun,Sep,irrigated,6.8,19.8,123.1,87.0,88.1,NK-6240
Sandy Loam,Jul,Oct,rainfed,6.1,24.5,120.4,89.2,67.0,Borloo YH-1898
Sandy Loam,Jun,Sep,irrigated,6.1,26.1,128.6,66.4,63.4,DK-919
Sandy Loam,Jul,Oct,rainfed,5.8,24.1,176.6,68.6,87.2,NK-6240
Sandy Loam,Jun,Sep,irrigated,5.9,24.7,152.8,76.3,71.5,DK-5219
Loamy soil,Jul,Oct,rainfed,6.6,26.8,150.1,67.3,62.7,DK-5219
Loamy soil,Jun,Sep,irrigated,6.3,20.3,157.8,67.4,67.0,DK-919
Clay Loam,Jul,Oct,rainfed,6.8,22.0,179.5,88.2,60.9,Pioneer 30Y87
Clay Loam,Jun,Sep,irrigated,7.0,25.4,177.2,82.5,84.4,Pioneer 30Y87
Clay Loam,Jul,Oct,rainfed,6.8,21.7,157.3,70.9,84.9,NK-6240
Loamy soil,Jun,Sep,irrigated,6.3,22.4,171.5,67.2,88.3,NK-6240
Loamy soil,Jul,Oct,rainfed,6.7,24.4,152.0,71.7,69.2,DK-5219
Clay Loam,Jun,Sep,irrigated,6.8,25.5,157.2,79.0,75.0,DK-5219
Clay Loam,Jul,Oct,rainfed,6.8,24.5,152.6,75.4,74.7,DK-5219
Loamy soil,Jun,Sep,irrigated,6.3,23.8,166.2,86.5,70.2,Borloo YH-1898
Loamy soil,Jul,Oct,rainfed,6.4,20.0,136.8,74.8,61.5,DK-919
Loamy soil,Jun,Sep,irrigated,6.4,26.4,153.1,74.0,64.1,DK-5219
Loamy soil,Jul,Oct,rainfed,6.6,20.9,123.1,65.9,83.8,NK-6240
Loamy soil,Jun,Sep,irrigated,6.6,19.7,123.2,74.1,85.1,NK-6240
Clay Loam,Jul,Oct,rainfed,7.0,19.2,160.4,71.6,71.6,DK-5219
Clay Loam,Jun,Sep,irrigated,6.9,23.1,158.5,70.3,66.9,DK-5219
Clay Loam,Jul,Oct,rainfed,6.8,18.3,124.0,82.1,72.6,DK-5219
Clay Loam,Jun,Sep,irrigated,6.8,21.7,144.9,83.8,72.9,Borloo YH-1898
Sandy Loam,Jul,Oct,rainfed,6.0,20.1,124.6,76.1,72.7,DK-919
Loamy soil,Jun,Sep,irrigated,6.6,22.0,164.4,61.3,79.3,Pioneer 30Y87
Sandy Loam,Jul,Oct,rainfed,5.7,24.2,141.6,77.9,64.4,DK-5219
Sandy Loam,Jun,Sep,irrigated,6.2,24.3,145.8,67.7,75.5,DK-5219
Sandy Loam,Jul,Oct,rainfed,5.8,21.1,151.5,65.0,70.2,DK-919
Loamy soil,Jun,Sep,irrigated,6.7,26.6,141.1,77.3,74.8,DK-5219
Clay Loam,Jul,Oct,rainfed,6.9,22.1,120.8,73.2,66.3,DK-5219
Sandy Loam,Jun,Sep,irrigated,5.8,25.8,159.9,73.4,66.0,DK-5219
Sandy Loam,Jul,Oct,rainfed,5.8,26.0,124.3,64.4,67.0,DK-919
Loamy soil,Jun,Sep,irrigated,6.3,22.7,135.9,74.4,69.9,DK-919
Sandy Loam,Jul,Oct,rainfed,6.0,24.3,130.7,74.8,83.6,NK-6240
Sandy Loam,Jun,Sep,irrigated,5.7,20.8,158.2,74.7,84.6,DK-919
Loamy soil,Jul,Oct,rainfed,6.6,26.1,127.8,85.0,70.2,Borloo YH-1898
Sandy Loam,Jun,Sep,irrigated,5.5,21.5,179.7,63.7,71.1,DK-919
Clay Loam,Jul,Oct,rainfed,7.0,23.4,124.5,79.0,73.9,Pioneer 30Y87
Clay Loam,Jun,Sep,irrigated,6.9,20.1,125.1,66.4,69.9,DK-919
Sandy Loam,Jul,Oct,rainfed,5.7,26.8,133.9,80.7,67.9,DK-919
Sandy Loam,Jun,Sep,irrigated,5.6,24.0,148.8,60.9,88.3,NK-6240
Sandy Loam,Jul,Oct,rainfed,6.1,22.1,125.2,65.8,89.0,DK-919
Loamy soil,Jun,Sep,irrigated,6.3,22.0,168.8,66.7,66.7,DK-919
Sandy Loam,Jul,Oct,rainfed,6.1,22.9,159.1,73.0,84.2,NK-6240
Sandy Loam,Jun,Sep,irrigated,5.5,22.1,158.6,87.8,71.1,Borloo YH-1898
Clay Loam,Jul,Oct,rainfed,6.8,22.6,176.4,84.7,79.4,Pioneer 30Y87
Sandy Loam,Jun,Sep,irrigated,5.8,21.1,150.6,63.7,62.7,DK-919
Loamy soil,Jul,Oct,rainfed,6.3,21.1,173.8,78.5,82.0,Pioneer 30Y87
Loamy soil,Jun,Sep,irrigated,6.4,26.6,137.0,84.3,66.9,Borloo YH-1898
Sandy Loam,Jul,Oct,rainfed,5.6,22.3,128.4,83.0,85.1,DK-919
Sandy Loam,Jun,Sep,irrigated,5.5,22.6,152.6,68.0,73.3,DK-919
Sandy Loam,Jul,Oct,rainfed,6.0,26.8,135.0,70.5,73.1,DK-919
Clay Loam,Jun,Sep,irrigated,6.9,21.8,130.0,66.3,88.3,NK-6240
Sandy Loam,Jul,Oct,rainfed,5.9,25.7,132.3,66.4,65.6,DK-919
Clay Loam,Jun,Sep,irrigated,6.8,19.4,167.4,65.1,65.8,Pioneer 30Y87
Loamy soil,Jul,Oct,rainfed,6.6,25.0,122.1,76.0,78.0,DK-5219
Loamy soil,Jun,Sep,irrigated,6.3,19.0,139.7,80.9,88.1,DK-919
Loamy soil,Jul,Oct,rainfed,6.4,22.6,142.7,70.7,72.3,Borloo YH-1898
Sandy Loam,Jun,Sep,irrigated,5.6,20.5,124.3,73.7,87.7,DK-919
Sandy Loam,Jul,Oct,rainfed,5.6,18.4,156.9,73.0,82.7,DK-919
Sandy Loam,Jun,Sep,irrigated,5.6,18.1,175.0,63.0,77.8,DK-919
Loamy soil,Jul,Oct,rainfed,6.3,25.8,143.3,87.4,64.7,Borloo YH-1898
Sandy Loam,Jun,Sep,irrigated,5.7,22.9,146.8,65.0,78.0,NK-6240
Sandy Loam,Jul,Oct,rainfed,6.2,23.4,159.9,64.2,65.5,Borloo YH-1898
Loamy soil,Jun,Sep,irrigated,6.7,18.8,135.4,74.8,67.6,DK-919
Loamy soil,Jul,Oct,rainfed,6.3,25.1,137.3,63.2,60.9,DK-919
Loamy soil,Jun,Sep,irrigated,6.3,24.9,142.0,69.0,84.2,NK-6240
Loamy soil,Jul,Oct,rainfed,6.3,21.4,167.4,75.7,88.7,Pioneer 30Y87
Loamy soil,Jun,Sep,irrigated,6.6,19.4,158.1,63.4,62.7,DK-919
Sandy Loam,Jul,Oct,rainfed,5.6,20.3,158.3,87.7,71.9,Borloo YH-1898
Sandy Loam,Jun,Sep,irrigated,5.6,24.1,158.4,76.5,67.8,DK-5219
Sandy Loam,Jul,Oct,rainfed,5.8,26.5,170.7,71.0,83.1,Pioneer 30Y87
Sandy Loam,Jun,Sep,irrigated,5.5,22.4,120.1,85.8,65.7,Borloo YH-1898
Clay Loam,Jul,Oct,rainfed,6.9,18.4,145.7,76.5,61.6,DK-5219
Loamy soil,Jun,Sep,irrigated,6.5,23.9,139.2,70.2,73.5,Borloo YH-1898
Sandy Loam,Jul,Oct,rainfed,6.0,21.1,125.5,83.1,62.2,DK-919
Sandy Loam,Jun,Sep,irrigated,5.9,26.3,138.7,82.8,66.0,DK-5219
Clay Loam,Jul,Oct,rainfed,6.8,22.7,167.8,63.6,78.6,Pioneer 30Y87
Clay Loam,Jun,Sep,irrigated,7.0,22.1,148.6,60.8,60.8,NK-6240
Loamy soil,Jul,Oct,rainfed,6.7,18.4,155.0,80.2,76.5,Borloo YH-1898
Loamy soil,Jun,Sep,irrigated,6.3,21.6,126.1,74.2,75.5,DK-919
Sandy Loam,Jul,Oct,rainfed,5.6,22.1,146.4,87.0,76.7,Borloo YH-1898
Sandy Loam,Jun,Sep,irrigated,6.0,26.5,169.6,71.8,74.6,Pioneer 30Y87
Sandy Loam,Jul,Oct,rainfed,5.5,22.7,159.7,70.2,78.0,Pioneer 30Y87
Sandy Loam,Jun,Sep,irrigated,5.6,22.8,131.2,81.1,78.8,NK-6240
Loamy soil,Jul,Oct,rainfed,6.7,24.9,132.2,71.9,60.4,DK-5219
Clay Loam,Jun,Sep,irrigated,6.9,26.1,127.0,89.6,83.2,NK-6240
Loamy soil,Jul,Oct,rainfed,6.3,23.6,120.9,68.9,85.8,NK-6240
Loamy soil,Jun,Sep,irrigated,6.5,19.6,175.1,67.0,86.7,NK-6240
Loamy soil,Jul,Oct,rainfed,6.4,19.8,123.0,71.3,86.1,DK-919
Clay Loam,Jun,Sep,irrigated,6.8,24.4,142.8,75.1,84.4,NK-6240
Sandy Loam,Jul,Oct,rainfed,5.5,21.2,173.6,66.9,72.1,DK-919
Sandy Loam,Jun,Sep,irrigated,6.0,23.9,175.0,79.1,82.2,Pioneer 30Y87
Sandy Loam,Jul,Oct,rainfed,5.7,19.9,180.0,63.9,68.7,DK-919
Sandy Loam,Jun,Sep,irrigated,5.7,19.8,135.6,87.4,79.3,DK-919
Loamy soil,Jul,Oct,rainfed,6.6,24.9,161.0,64.9,74.2,Pioneer 30Y87
Sandy Loam,Jun,Sep,irrigated,5.6,22.0,177.7,83.6,88.7,Pioneer 30Y87
Sandy Loam,Jul,Oct,rainfed,5.9,22.2,167.3,69.9,69.1,DK-919
Loamy soil,Jun,Sep,irrigated,6.7,25.3,121.1,88.3,76.9,Borloo YH-1898
Sandy Loam,Jul,Oct,rainfed,6.2,21.2,135.0,81.6,64.2,DK-919
Sandy Loam,Jun,Sep,irrigated,5.7,20.3,155.6,64.2,86.8,DK-919
Sandy Loam,Jul,Oct,rainfed,5.8,24.8,131.5,84.8,71.5,Borloo YH-1898
Sandy Loam,Jun,Sep,irrigated,5.7,21.6,129.6,67.1,88.2,DK-919
Sandy Loam,Jul,Oct,rainfed,5.9,22.0,152.9,78.4,75.4,Borloo YH-1898
Clay Loam,Jun,Sep,irrigated,6.9,20.3,123.3,62.1,60.7,DK-919
Loamy soil,Jul,Oct,rainfed,6.3,18.9,171.5,62.0,63.6,DK-919
Sandy Loam,Jun,Sep,irrigated,6.0,19.1,158.7,73.3,66.5,DK-919
Sandy Loam,Jul,Oct,rainfed,5.6,21.7,139.6,61.0,61.9,DK-919
Loamy soil,Jun,Sep,irrigated,6.5,24.5,179.7,87.2,88.9,Borloo YH-1898
Sandy Loam,Jul,Oct,rainfed,5.5,20.9,152.5,63.2,71.7,DK-919
Sandy Loam,Jun,Sep,irrigated,5.9,25.7,141.7,84.5,86.3,NK-6240
Sandy Loam,Jul,Oct,rainfed,5.8,22.4,158.6,88.0,88.4,Borloo YH-1898
Sandy Loam,Jun,Sep,irrigated,6.0,26.3,139.6,66.8,71.6,DK-919
Loamy soil,Jul,Oct,rainfed,6.7,23.0,130.8,68.7,77.3,NK-6240
Loamy soil,Jun,Sep,irrigated,6.4,20.1,148.8,78.2,67.7,Borloo YH-1898
Clay Loam,Jul,Oct,rainfed,6.8,23.3,153.2,84.9,85.0,NK-6240
Sandy Loam,Jun,Sep,irrigated,6.2,21.8,144.7,67.5,85.5,DK-919
Sandy Loam,Jul,Oct,rainfed,5.8,20.2,161.8,87.2,62.3,DK-919
Clay Loam,Jun,Sep,irrigated,6.9,25.7,154.4,80.3,68.0,DK-5219
Sandy Loam,Jul,Oct,rainfed,6.0,23.2,154.6,65.3,84.8,NK-6240
Sandy Loam,Jun,Sep,irrigated,5.5,20.2,144.4,69.8,67.6,DK-919
Sandy Loam,Jul,Oct,rainfed,6.2,20.0,179.3,76.7,81.9,DK-919
Loamy soil,Jun,Sep,irrigated,6.4,21.8,176.3,87.1,82.0,Borloo YH-1898
Sandy Loam,Jul,Oct,rainfed,6.1,20.2,173.6,67.3,67.8,DK-919
Sandy Loam,Jun,Sep,irrigated,6.1,18.7,138.1,72.0,72.7,DK-919
Loamy soil,Jul,Oct,rainfed,6.6,18.2,178.2,67.9,68.1,Pioneer 30Y87
Sandy Loam,Jun,Sep,irrigated,5.8,20.1,179.1,72.8,86.9,DK-919
Sandy Loam,Jul,Oct,rainfed,5.9,19.8,167.4,66.4,65.8,DK-919
Clay Loam,Jun,Sep,irrigated,7.0,23.0,169.0,65.7,65.2,Pioneer 30Y87
Sandy Loam,Jul,Oct,rainfed,5.6,18.9,128.4,82.7,87.3,DK-919
Sandy Loam,Jun,Sep,irrigated,6.2,26.6,139.2,60.0,75.9,DK-5219
Sandy Loam,Jul,Oct,rainfed,5.6,26.6,153.8,75.2,78.3,DK-5219
Clay Loam,Jun,Sep,irrigated,6.9,22.4,174.4,75.8,71.2,Pioneer 30Y87
Sandy Loam,Jul,Oct,rainfed,5.5,22.9,154.5,70.9,69.5,DK-5219
Sandy Loam,Jun,Sep,irrigated,5.6,18.8,170.6,75.0,76.0,Pioneer 30Y87
Loamy soil,Jul,Oct,rainfed,6.7,18.2,178.2,81.0,64.2,Pioneer 30Y87
Loamy soil,Jun,Sep,irrigated,6.7,24.7,179.2,79.7,60.8,Pioneer 30Y87
Sandy Loam,Jul,Oct,rainfed,5.6,26.9,156.0,86.0,87.0,Borloo YH-1898
Clay Loam,Jun,Sep,irrigated,6.9,21.9,132.3,88.5,64.4,DK-919
Loamy soil,Jul,Oct,rainfed,6.3,26.0,144.6,82.2,78.6,Borloo YH-1898
Sandy Loam,Jun,Sep,irrigated,5.7,22.0,153.9,85.6,61.8,Borloo YH-1898
Loamy soil,Jul,Oct,rainfed,6.6,22.4,137.4,80.7,72.6,Borloo YH-1898
Sandy Loam,Jun,Sep,irrigated,6.0,21.1,155.2,83.6,69.1,Borloo YH-1898
Loamy soil,Jul,Oct,rainfed,6.7,20.6,179.4,61.3,66.1,Pioneer 30Y87
Sandy Loam,Jun,Sep,irrigated,6.2,26.2,149.0,89.6,77.3,Borloo YH-1898
Sandy Loam,Jul,Oct,rainfed,6.1,21.3,180.0,85.3,80.2,Borloo YH-1898
Clay Loam,Jun,Sep,irrigated,7.0,21.0,139.0,76.1,61.8,DK-919
Clay Loam,Jul,Oct,rainfed,6.9,24.6,123.5,83.0,74.4,DK-5219
Sandy Loam,Jun,Sep,irrigated,5.8,25.4,127.6,71.4,60.4,DK-919
Clay Loam,Jul,Oct,rainfed,6.8,24.6,168.9,73.9,74.4,Pioneer 30Y87
Loamy soil,Jun,Sep,irrigated,6.7,19.8,141.0,63.9,89.1,NK-6240
Loamy soil,Jul,Oct,rainfed,6.3,19.0,122.8,71.4,67.1,DK-919
Loamy soil,Jun,Sep,irrigated,6.4,26.6,127.4,82.1,88.1,Borloo YH-1898
Sandy Loam,Jul,Oct,rainfed,6.0,24.4,121.9,85.1,87.1,Borloo YH-1898
Clay Loam,Jun,Sep,irrigated,6.8,25.8,145.1,67.2,84.5,NK-6240
Sandy Loam,Jul,Oct,rainfed,6.2,18.7,178.5,80.2,82.6,DK-919
Clay Loam,Jun,Sep,irrigated,7.0,24.6,150.9,60.1,70.3,DK-5219
Loamy soil,Jul,Oct,rainfed,6.3,24.4,152.6,65.9,86.6,NK-6240
Sandy Loam,Jun,Sep,irrigated,5.7,18.5,125.5,84.9,77.9,DK-919
Loamy soil,Jul,Oct,rainfed,6.6,26.7,158.3,71.2,68.2,DK-5219
Loamy soil,Jun,Sep,irrigated,6.3,21.0,125.6,70.2,85.4,DK-919
Sandy Loam,Jul,Oct,rainfed,5.7,18.8,152.8,84.3,85.5,Borloo YH-1898
Sandy Loam,Jun,Sep,irrigated,5.6,23.9,124.0,61.8,87.4,NK-6240
Sandy Loam,Jul,Oct,rainfed,5.7,21.8,143.7,62.2,88.5,DK-919
Sandy Loam,Jun,Sep,irrigated,5.7,21.2,135.7,77.0,67.3,DK-919
Loamy soil,Jul,Oct,rainfed,6.7,20.4,176.6,80.7,77.2,Pioneer 30Y87
Sandy Loam,Jun,Sep,irrigated,5.5,19.5,167.2,85.8,70.9,Borloo YH-1898
Sandy Loam,Jul,Oct,rainfed,5.6,19.2,157.9,68.1,78.1,DK-919
Sandy Loam,Jun,Sep,irrigated,6.1,19.3,150.4,88.6,85.9,Borloo YH-1898
Loamy soil,Jul,Oct,rainfed,6.5,24.9,151.8,82.3,67.6,Borloo YH-1898
Sandy Loam,Jun,Sep,irrigated,6.2,18.4,163.7,68.8,75.3,DK-919
Loamy soil,Jul,Oct,rainfed,6.7,19.2,178.5,83.0,89.8,Pioneer 30Y87
Sandy Loam,Jun,Sep,irrigated,6.1,25.2,121.8,67.9,80.2,NK-6240
Loamy soil,Jul,Oct,rainfed,6.5,26.6,152.4,79.6,81.9,NK-6240
Loamy soil,Jun,Sep,irrigated,6.7,18.2,129.4,67.3,66.6,DK-919
Sandy Loam,Jul,Oct,rainfed,5.7,22.2,167.5,65.8,77.8,Pioneer 30Y87
Clay Loam,Jun,Sep,irrigated,6.9,21.2,154.4,75.5,87.5,NK-6240
Sandy Loam,Jul,Oct,rainfed,5.7,26.0,158.1,86.0,72.3,Borloo YH-1898
Sandy Loam,Jun,Sep,irrigated,6.2,26.7,169.3,89.2,77.3,Pioneer 30Y87
Clay Loam,Jul,Oct,rainfed,6.9,25.2,146.0,77.7,75.9,DK-5219
Sandy Loam,Jun,Sep,irrigated,6.1,23.1,140.5,68.3,72.4,DK-919
Loamy soil,Jul,Oct,rainfed,6.5,22.8,120.7,86.1,73.5,Borloo YH-1898
Sandy Loam,Jun,Sep,irrigated,5.6,19.3,178.3,78.1,84.5,DK-919
Sandy Loam,Jul,Oct,rainfed,6.0,20.8,177.6,60.6,84.3,DK-919
Loamy soil,Jun,Sep,irrigated,6.7,21.4,149.6,72.7,77.4,NK-6240
Loamy soil,Jul,Oct,rainfed,6.3,25.5,154.0,87.2,77.9,Borloo YH-1898
Sandy Loam,Jun,Sep,irrigated,6.2,25.5,155.5,81.5,84.2,Borloo YH-1898
Loamy soil,Jul,Oct,rainfed,6.7,20.9,143.3,64.4,67.4,DK-919
Loamy soil,Jun,Sep,irrigated,6.4,21.3,179.0,85.9,75.6,Borloo YH-1898
Sandy Loam,Jul,Oct,rainfed,5.6,26.0,154.3,74.7,67.5,DK-5219
Sandy Loam,Jun,Sep,irrigated,5.6,20.6,143.8,64.6,77.6,DK-919
Clay Loam,Jul,Oct,rainfed,6.8,20.9,160.7,77.0,79.2,Pioneer 30Y87
Clay Loam,Jun,Sep,irrigated,6.9,21.5,122.7,67.4,65.1,DK-919
Loamy soil,Jul,Oct,rainfed,6.3,24.1,160.7,64.8,62.8,Borloo YH-1898
Loamy soil,Jun,Sep,irrigated,6.7,22.6,158.9,78.1,80.1,Pioneer 30Y87
Loamy soil,Jul,Oct,rainfed,6.5,21.7,170.1,86.3,70.7,Borloo YH-1898
Loamy soil,Jun,Sep,irrigated,6.7,22.9,174.2,89.6,77.6,Pioneer 30Y87
Sandy Loam,Jul,Oct,rainfed,6.0,20.5,164.7,75.8,70.4,DK-919
Sandy Loam,Jun,Sep,irrigated,5.7,19.5,121.0,88.3,75.9,DK-919
Loamy soil,Jul,Oct,rainfed,6.7,25.1,125.3,63.3,79.5,NK-6240
Sandy Loam,Jun,Sep,irrigated,6.1,19.2,129.3,63.1,81.0,DK-919
Sandy Loam,Jul,Oct,rainfed,5.5,18.9,142.3,64.9,65.8,DK-919
Loamy soil,Jun,Sep,irrigated,6.7,18.2,149.3,72.5,63.0,DK-5219
Loamy soil,Jul,Oct,rainfed,6.5,25.0,123.9,68.6,64.6,DK-5219
Sandy Loam,Jun,Sep,irrigated,5.7,21.4,147.2,71.0,85.6,DK-919
Loamy soil,Jul,Oct,rainfed,6.3,18.8,171.1,63.6,60.7,DK-919
Loamy soil,Jun,Sep,irrigated,6.7,22.5,127.1,66.4,71.1,DK-919
Sandy Loam,Jul,Oct,rainfed,6.1,24.7,124.4,73.2,81.6,NK-6240
Loamy soil,Jun,Sep,irrigated,6.7,22.1,122.8,74.1,68.9,Pioneer 30Y87
Sandy Loam,Jul,Oct,rainfed,5.8,26.3,138.0,87.1,80.1,NK-6240
Clay Loam,Jun,Sep,irrigated,6.9,20.8,171.4,89.3,79.0,Pioneer 30Y87
Sandy Loam,Jul,Oct,rainfed,5.9,22.4,121.4,71.7,84.9,DK-919
Loamy soil,Jun,Sep,irrigated,6.4,19.4,166.8,67.3,87.0,DK-919
Sandy Loam,Jul,Oct,rainfed,5.9,19.0,139.5,71.4,87.0,DK-919
